location,WMO-index,latitude,longitude,Date,UTC time,Temp. (ºC),Rel. Hum. (%),Pressure/ Geopot.,Wind dir,Wins speed (Km/h),Clouds,Low clouds,Medium clouds,High clouds,Prec. (mm),Max temp. (ºC),Min temp. (ºC),Conditions
ALMERIA/AEROPUERTO (SPAIN) ,8487,36.50 ,-02.21,31/12/2018,23Z,11.6,47%,1031.0 Hpa,340º (N),13.0,-,-,-,-,-,-,-,-
,,,,31/12/2018,22Z,11.7,53%,1030.5 Hpa,30º (NE),13.0,-,-,-,-,-,-,-,-
,,,,31/12/2018,21Z,11.7,67%,1030.8 Hpa,360º (N),14.8,0/8,-,-,-,-,-,-,Clear
,,,,31/12/2018,20Z,10.0,85%,1030.9 Hpa,340º (N),11.2,-,-,-,-,-,-,-,-
,,,,31/12/2018,19Z,11.0,83%,1030.7 Hpa,350º (N),9.4,-,-,-,-,-,-,-,-
,,,,31/12/2018,18Z,12.0,81%,1030.4 Hpa,330º (NW),7.6,0/8,-,-,-,-,17.9,-,Clear
,,,,31/12/2018,17Z,15.0,69%,1030.1 Hpa,240º (SW),3.6,-,-,-,-,-,-,-,-
,,,,31/12/2018,16Z,16.3,65%,1029.9 Hpa,220º (SW),9.4,-,-,-,-,-,-,-,-
,,,,31/12/2018,15Z,16.9,63%,1029.7 Hpa,200º (S),9.4,0/8,-,-,-,-,-,-,Clear
,,,,31/12/2018,14Z,17.0,62%,1029.5 Hpa,200º (S),9.4,-,-,-,-,-,-,-,-
,,,,31/12/2018,13Z,16.7,65%,1029.8 Hpa,200º (S),11.2,-,-,-,-,-,-,-,-
,,,,31/12/2018,12Z,16.8,56%,1030.3 Hpa,200º (S),13.0,0/8,-,-,-,-,-,-,Clear
,,,,31/12/2018,11Z,17.7,42%,1031.3 Hpa,110º (E),9.4,-,-,-,-,-,-,-,-
,,,,31/12/2018,10Z,15.4,49%,1031.9 Hpa,350º (N),5.4,-,-,-,-,-,-,-,-
,,,,31/12/2018,09Z,11.9,54%,1031.5 Hpa,330º (NW),14.8,0/8,-,-,-,-,-,-,Clear
,,,,31/12/2018,08Z,9.2,67%,1030.9 Hpa,340º (N),14.8,-,-,-,-,-,-,-,-
,,,,31/12/2018,07Z,8.9,67%,1030.5 Hpa,320º (NW),16.6,-,-,-,-,-,-,-,-
,,,,31/12/2018,06Z,8.6,67%,1030.1 Hpa,340º (N),16.6,0/8,-,-,-,-,-,8.3,Clear
,,,,31/12/2018,05Z,8.6,69%,1029.5 Hpa,330º (NW),16.6,-,-,-,-,-,-,-,-
,,,,31/12/2018,04Z,8.8,71%,1029.5 Hpa,330º (NW),18.4,-,-,-,-,-,-,-,-
,,,,31/12/2018,03Z,9.1,71%,1030.0 Hpa,330º (NW),20.5,-,-,-,-,-,-,-,-
,,,,31/12/2018,02Z,9.6,71%,1030.2 Hpa,330º (NW),18.4,-,-,-,-,-,-,-,-
,,,,31/12/2018,01Z,9.6,73%,1030.1 Hpa,320º (NW),18.4,-,-,-,-,-,-,-,-
,,,,31/12/2018,00Z,10.1,74%,1029.8 Hpa,320º (NW),18.4,-,-,-,-,-,-,-,-
,,,,30/12/2018,23Z,10.8,74%,1029.7 Hpa,330º (NW),16.6,-,-,-,-,-,-,-,-
,,,,30/12/2018,22Z,11.0,77%,1029.4 Hpa,340º (N),11.2,-,-,-,-,-,-,-,-
,,,,30/12/2018,21Z,11.1,79%,1029.4 Hpa,350º (N),11.2,0/8,-,-,-,-,-,-,Clear
,,,,30/12/2018,20Z,10.7,81%,1029.3 Hpa,50º (NE),11.2,-,-,-,-,-,-,-,-
,,,,30/12/2018,19Z,11.2,79%,1028.9 Hpa,60º (NE),9.4,-,-,-,-,-,-,-,-
,,,,30/12/2018,18Z,12.4,77%,1028.6 Hpa,60º (NE),13.0,0/8,-,-,-,-,18.4,-,Clear
,,,,30/12/2018,17Z,14.7,64%,1028.1 Hpa,80º (E),18.4,-,-,-,-,-,-,-,-
,,,,30/12/2018,16Z,16.3,55%,1027.7 Hpa,70º (E),27.7,-,-,-,-,-,-,-,-
,,,,30/12/2018,15Z,16.8,49%,1027.3 Hpa,70º (E),25.9,2/8,2/8 CU/ST,-,-,-,-,-,Few clouds
,,,,30/12/2018,14Z,17.8,47%,1026.8 Hpa,60º (NE),27.7,-,-,-,-,-,-,-,-
,,,,30/12/2018,13Z,17.7,45%,1026.8 Hpa,70º (E),27.7,-,-,-,-,-,-,-,-
,,,,30/12/2018,12Z,17.5,48%,1027.7 Hpa,60º (NE),27.7,1/8,1/8 CU/ST,-,-,-,-,-,Few clouds
,,,,30/12/2018,11Z,17.2,49%,1028.5 Hpa,50º (NE),33.5,-,-,-,-,-,-,-,-
,,,,30/12/2018,10Z,15.7,55%,1029.0 Hpa,50º (NE),33.5,-,-,-,-,-,-,-,-
,,,,30/12/2018,09Z,15.0,57%,1028.8 Hpa,30º (NE),27.7,5/8,2/8 CU/ST,AC,-,-,-,-,Cloudy
,,,,30/12/2018,08Z,14.7,59%,1028.5 Hpa,40º (NE),18.4,-,-,-,-,-,-,-,-
,,,,30/12/2018,07Z,14.4,60%,1027.6 Hpa,50º (NE),16.6,-,-,-,-,-,-,-,-
,,,,30/12/2018,06Z,13.6,60%,1027.0 Hpa,20º (N),11.2,2/8,2/8 CU,-,-,-,-,13.3,Few clouds
,,,,30/12/2018,05Z,13.5,62%,1027.1 Hpa,20º (N),16.6,-,-,-,-,-,-,-,-
,,,,30/12/2018,04Z,13.7,64%,1027.3 Hpa,40º (NE),18.4,-,-,-,-,-,-,-,-
,,,,30/12/2018,03Z,13.7,72%,1027.8 Hpa,40º (NE),20.5,-,-,-,-,-,-,-,-
,,,,30/12/2018,02Z,14.0,73%,1027.6 Hpa,50º (NE),24.1,-,-,-,-,-,-,-,-
,,,,30/12/2018,01Z,14.4,74%,1027.3 Hpa,50º (NE),22.3,-,-,-,-,-,-,-,-
,,,,30/12/2018,00Z,14.2,71%,1027.4 Hpa,40º (NE),16.6,-,-,-,-,-,-,-,-
,,,,29/12/2018,23Z,14.5,70%,1027.3 Hpa,40º (NE),24.1,-,-,-,-,-,-,-,-
,,,,29/12/2018,22Z,15.0,67%,1027.1 Hpa,40º (NE),29.5,-,-,-,-,-,-,-,-
,,,,29/12/2018,21Z,14.8,69%,1027.1 Hpa,40º (NE),24.1,6/8,1/8 SC,AS,-,-,-,-,Cloudy
,,,,29/12/2018,20Z,15.3,66%,1026.9 Hpa,40º (NE),24.1,-,-,-,-,-,-,-,-
,,,,29/12/2018,19Z,14.7,65%,1026.9 Hpa,30º (NE),22.3,-,-,-,-,-,-,-,-
,,,,29/12/2018,18Z,15.0,62%,1026.5 Hpa,40º (NE),27.7,7/8,1/8 SC,AS,-,-,16.4,-,Cloudy
,,,,29/12/2018,17Z,15.0,63%,1026.2 Hpa,50º (NE),27.7,-,-,-,-,-,-,-,-
,,,,29/12/2018,16Z,15.5,60%,1025.8 Hpa,50º (NE),31.3,-,-,-,-,-,-,-,-
,,,,29/12/2018,15Z,16.1,60%,1025.7 Hpa,50º (NE),33.5,6/8,4/8 CU/ST,AC,-,-,-,-,Cloudy
,,,,29/12/2018,14Z,15.7,61%,1025.4 Hpa,40º (NE),29.5,-,-,-,-,-,-,-,-
,,,,29/12/2018,13Z,15.7,61%,1025.4 Hpa,50º (NE),29.5,-,-,-,-,-,-,-,-
,,,,29/12/2018,12Z,15.1,62%,1026.1 Hpa,50º (NE),22.3,7/8,6/8 CU/ST,AS,-,-,-,-,Cloudy
,,,,29/12/2018,11Z,15.7,58%,1026.8 Hpa,50º (NE),22.3,-,-,-,-,-,-,-,-
,,,,29/12/2018,10Z,15.1,59%,1027.4 Hpa,50º (NE),18.4,-,-,-,-,-,-,-,-
,,,,29/12/2018,09Z,14.4,61%,1027.4 Hpa,20º (N),14.8,7/8,1/8 SC,AS,-,-,-,-,Cloudy
,,,,29/12/2018,08Z,12.6,75%,1027.1 Hpa,50º (NE),18.4,-,-,-,-,-,-,-,-
,,,,29/12/2018,07Z,14.1,55%,1026.3 Hpa,350º (N),11.2,-,-,-,-,-,-,-,-
,,,,29/12/2018,06Z,12.9,65%,1025.7 Hpa,320º (NW),7.6,7/8,-,7/8 AS,-,-,-,11.7,Cloudy
,,,,29/12/2018,05Z,12.7,66%,1025.6 Hpa,0º (N),0.0,-,-,-,-,-,-,-,-
,,,,29/12/2018,04Z,13.0,65%,1026.1 Hpa,10º (N),7.6,-,-,-,-,-,-,-,-
,,,,29/12/2018,03Z,13.1,65%,1026.5 Hpa,360º (N),7.6,-,-,-,-,-,-,-,-
,,,,29/12/2018,02Z,11.7,74%,1026.7 Hpa,340º (N),3.6,-,-,-,-,-,-,-,-
,,,,29/12/2018,01Z,12.2,70%,1026.7 Hpa,100º (E),3.6,-,-,-,-,-,-,-,-
,,,,29/12/2018,00Z,13.3,69%,1027.0 Hpa,330º (NW),7.6,-,-,-,-,-,-,-,-
,,,,28/12/2018,23Z,13.7,63%,1027.5 Hpa,30º (NE),7.6,-,-,-,-,-,-,-,-
,,,,28/12/2018,22Z,13.8,67%,1027.6 Hpa,30º (NE),7.6,-,-,-,-,-,-,-,-
,,,,28/12/2018,21Z,13.6,71%,1027.5 Hpa,60º (NE),11.2,6/8,4/8 CU/ST,AC,-,-,-,-,Cloudy
,,,,28/12/2018,20Z,13.9,68%,1027.5 Hpa,50º (NE),11.2,-,-,-,-,-,-,-,-
,,,,28/12/2018,19Z,13.9,67%,1027.5 Hpa,80º (E),3.6,-,-,-,-,-,-,-,-
,,,,28/12/2018,18Z,14.3,64%,1027.2 Hpa,100º (E),3.6,6/8,3/8 CU/ST,AC,-,-,16.7,-,Cloudy
,,,,28/12/2018,17Z,14.7,66%,1026.7 Hpa,0º (N),0.0,-,-,-,-,-,-,-,-
,,,,28/12/2018,16Z,15.3,63%,1026.2 Hpa,180º (S),5.4,-,-,-,-,-,-,-,-
,,,,28/12/2018,15Z,15.9,61%,1025.9 Hpa,160º (S),7.6,6/8,6/8 CU/ST,-,-,-,-,-,Cloudy
,,,,28/12/2018,14Z,15.7,62%,1025.7 Hpa,160º (S),7.6,-,-,-,-,-,-,-,-
,,,,28/12/2018,13Z,15.7,61%,1025.7 Hpa,170º (S),7.6,-,-,-,-,-,-,-,-
,,,,28/12/2018,12Z,15.9,56%,1026.5 Hpa,200º (S),5.4,7/8,7/8 CU/ST,N/A,N/A,-,-,-,Cloudy
,,,,28/12/2018,11Z,14.8,59%,1027.4 Hpa,310º (NW),14.8,-,-,-,-,-,-,-,-
,,,,28/12/2018,10Z,14.2,61%,1028.0 Hpa,320º (NW),18.4,-,-,-,-,-,-,-,-
,,,,28/12/2018,09Z,12.0,71%,1028.0 Hpa,330º (NW),22.3,7/8,7/8 SC,N/A,N/A,-,-,-,Cloudy
,,,,28/12/2018,08Z,11.1,75%,1027.6 Hpa,320º (NW),22.3,-,-,-,-,-,-,-,-
,,,,28/12/2018,07Z,11.0,75%,1027.1 Hpa,330º (NW),18.4,-,-,-,-,-,-,-,-
,,,,28/12/2018,06Z,11.0,75%,1026.4 Hpa,330º (NW),16.6,7/8,7/8 SC,-,-,-,-,10.7,Cloudy
,,,,28/12/2018,05Z,10.9,76%,1026.1 Hpa,330º (NW),14.8,-,-,-,-,-,-,-,-
,,,,28/12/2018,04Z,10.8,76%,1026.3 Hpa,330º (NW),18.4,-,-,-,-,-,-,-,-
,,,,28/12/2018,03Z,11.8,78%,1026.6 Hpa,340º (N),11.2,-,-,-,-,-,-,-,-
,,,,28/12/2018,02Z,12.6,76%,1026.5 Hpa,340º (N),11.2,-,-,-,-,-,-,-,-
,,,,28/12/2018,01Z,13.1,75%,1026.1 Hpa,350º (N),11.2,-,-,-,-,-,-,-,-
,,,,28/12/2018,00Z,13.2,75%,1026.5 Hpa,330º (NW),11.2,-,-,-,-,-,-,-,-
,,,,27/12/2018,23Z,12.9,74%,1026.9 Hpa,330º (NW),13.0,-,-,-,-,-,-,-,-
,,,,27/12/2018,22Z,13.3,75%,1027.3 Hpa,320º (NW),11.2,-,-,-,-,-,-,-,-
,,,,27/12/2018,21Z,13.6,76%,1027.3 Hpa,330º (NW),1.8,7/8,7/8 CU/ST,-,-,-,-,-,Cloudy
,,,,27/12/2018,20Z,13.5,75%,1027.1 Hpa,10º (N),7.6,-,-,-,-,-,-,-,-
,,,,27/12/2018,19Z,12.4,77%,1027.0 Hpa,20º (N),7.6,-,-,-,-,-,-,-,-
,,,,27/12/2018,18Z,12.6,78%,1026.7 Hpa,10º (N),3.6,8/8,-,-,CS,-,17.4,-,Overcast
,,,,27/12/2018,17Z,14.5,70%,1026.5 Hpa,190º (S),5.4,-,-,-,-,-,-,-,-
,,,,27/12/2018,16Z,15.8,65%,1026.3 Hpa,200º (S),9.4,-,-,-,-,-,-,-,-
,,,,27/12/2018,15Z,16.8,60%,1026.1 Hpa,190º (S),11.2,6/8,1/8 SC,-,CI/CS,-,-,-,Cloudy
,,,,27/12/2018,14Z,17.4,57%,1026.0 Hpa,180º (S),9.4,-,-,-,-,-,-,-,-
,,,,27/12/2018,13Z,16.9,58%,1026.3 Hpa,170º (S),11.2,-,-,-,-,-,-,-,-
,,,,27/12/2018,12Z,17.0,59%,1027.3 Hpa,170º (S),9.4,5/8,1/8 SC,-,CI,-,-,-,Cloudy
,,,,27/12/2018,11Z,16.8,59%,1028.1 Hpa,190º (S),7.6,-,-,-,-,-,-,-,-
,,,,27/12/2018,10Z,13.9,65%,1028.7 Hpa,330º (NW),14.8,-,-,-,-,-,-,-,-
,,,,27/12/2018,09Z,10.3,76%,1028.7 Hpa,330º (NW),20.5,3/8,2/8 SC,-,CI,-,-,-,Scattered clouds
,,,,27/12/2018,08Z,9.1,79%,1028.3 Hpa,330º (NW),24.1,-,-,-,-,-,-,-,-
,,,,27/12/2018,07Z,9.3,80%,1028.1 Hpa,330º (NW),24.1,-,-,-,-,-,-,-,-
,,,,27/12/2018,06Z,10.4,78%,1027.8 Hpa,330º (NW),22.3,4/8,4/8 SC,-,-,-,-,10.4,Scattered clouds
,,,,27/12/2018,05Z,12.1,78%,1027.7 Hpa,320º (NW),14.8,-,-,-,-,-,-,-,-
,,,,27/12/2018,04Z,12.2,78%,1028.0 Hpa,330º (NW),18.4,-,-,-,-,-,-,-,-
,,,,27/12/2018,03Z,12.5,78%,1028.0 Hpa,320º (NW),16.6,-,-,-,-,-,-,-,-
,,,,27/12/2018,02Z,12.4,76%,1028.0 Hpa,320º (NW),16.6,-,-,-,-,-,-,-,-
,,,,27/12/2018,01Z,13.0,78%,1027.9 Hpa,330º (NW),7.6,-,-,-,-,-,-,-,-
,,,,27/12/2018,00Z,13.2,80%,1028.2 Hpa,320º (NW),7.6,-,-,-,-,-,-,-,-
,,,,26/12/2018,23Z,13.3,84%,1028.4 Hpa,340º (N),7.6,-,-,-,-,-,-,-,-
,,,,26/12/2018,22Z,13.5,84%,1028.3 Hpa,360º (N),7.6,-,-,-,-,-,-,-,-
,,,,26/12/2018,21Z,13.0,87%,1028.3 Hpa,40º (NE),9.4,5/8,3/8 SC,-,CI,-,-,-,Cloudy
,,,,26/12/2018,20Z,12.7,85%,1028.4 Hpa,20º (N),9.4,-,-,-,-,-,-,-,-
,,,,26/12/2018,19Z,12.6,84%,1028.4 Hpa,40º (NE),9.4,-,-,-,-,-,-,-,-
,,,,26/12/2018,18Z,13.3,82%,1028.2 Hpa,90º (E),9.4,1/8,-,-,CI,-,19.4,-,Few clouds
,,,,26/12/2018,17Z,15.6,80%,1028.0 Hpa,180º (S),9.4,-,-,-,-,-,-,-,-
,,,,26/12/2018,16Z,17.2,73%,1027.9 Hpa,180º (S),11.2,-,-,-,-,-,-,-,-
,,,,26/12/2018,15Z,18.2,69%,1027.8 Hpa,180º (S),11.2,6/8,-,-,CS,-,-,-,Cloudy
,,,,26/12/2018,14Z,19.1,54%,1027.7 Hpa,100º (E),14.8,-,-,-,-,-,-,-,-
,,,,26/12/2018,13Z,19.1,54%,1028.2 Hpa,90º (E),14.8,-,-,-,-,-,-,-,-
,,,,26/12/2018,12Z,18.0,56%,1029.3 Hpa,50º (NE),13.0,6/8,5/8 SC,-,CI,-,-,-,Cloudy
,,,,26/12/2018,11Z,16.5,65%,1030.4 Hpa,70º (E),7.6,-,-,-,-,-,-,-,-
,,,,26/12/2018,10Z,14.5,62%,1031.0 Hpa,330º (NW),18.4,-,-,-,-,-,-,-,-
,,,,26/12/2018,09Z,12.6,62%,1031.0 Hpa,340º (N),20.5,1/8,-,-,CI,-,-,-,Few clouds
,,,,26/12/2018,08Z,11.5,64%,1030.1 Hpa,340º (N),18.4,-,-,-,-,-,-,-,-
,,,,26/12/2018,07Z,10.3,72%,1029.8 Hpa,340º (N),14.8,-,-,-,-,-,-,-,-
,,,,26/12/2018,06Z,10.4,75%,1029.6 Hpa,350º (N),13.0,2/8,-,-,CI,-,-,9.1,Few clouds
,,,,26/12/2018,05Z,9.6,77%,1029.3 Hpa,350º (N),9.4,-,-,-,-,-,-,-,-
,,,,26/12/2018,04Z,9.4,81%,1029.4 Hpa,360º (N),3.6,-,-,-,-,-,-,-,-
,,,,26/12/2018,03Z,11.3,66%,1029.4 Hpa,330º (NW),11.2,-,-,-,-,-,-,-,-
,,,,26/12/2018,02Z,11.7,68%,1029.7 Hpa,320º (NW),13.0,-,-,-,-,-,-,-,-
,,,,26/12/2018,01Z,11.5,69%,1029.5 Hpa,360º (N),11.2,-,-,-,-,-,-,-,-
,,,,26/12/2018,00Z,11.7,70%,1029.1 Hpa,340º (N),20.5,-,-,-,-,-,-,-,-
,,,,25/12/2018,23Z,11.8,75%,1029.3 Hpa,340º (N),18.4,-,-,-,-,-,-,-,-
,,,,25/12/2018,22Z,12.4,79%,1029.4 Hpa,340º (N),18.4,-,-,-,-,-,-,-,-
,,,,25/12/2018,21Z,12.3,81%,1029.4 Hpa,340º (N),14.8,2/8,-,-,CI/CS,-,-,-,Few clouds
,,,,25/12/2018,20Z,11.7,86%,1029.4 Hpa,30º (NE),3.6,-,-,-,-,-,-,-,-
,,,,25/12/2018,19Z,13.7,75%,1028.8 Hpa,60º (NE),16.6,-,-,-,-,-,-,-,-
,,,,25/12/2018,18Z,13.3,85%,1028.6 Hpa,80º (E),9.4,2/8,1/8 SC,-,CI,-,20.6,-,Few clouds
,,,,25/12/2018,17Z,15.6,72%,1027.9 Hpa,50º (NE),11.2,-,-,-,-,-,-,-,-
,,,,25/12/2018,16Z,18.5,52%,1027.4 Hpa,60º (NE),11.2,-,-,-,-,-,-,-,-
,,,,25/12/2018,15Z,19.7,47%,1026.6 Hpa,100º (E),11.2,5/8,1/8 SC,-,CI,-,-,-,Cloudy
,,,,25/12/2018,14Z,20.2,42%,1026.2 Hpa,80º (E),13.0,-,-,-,-,-,-,-,-
,,,,25/12/2018,13Z,19.7,43%,1026.7 Hpa,90º (E),13.0,-,-,-,-,-,-,-,-
,,,,25/12/2018,12Z,19.0,46%,1027.5 Hpa,100º (E),14.8,7/8,-,-,CI/CS,-,-,-,Cloudy
,,,,25/12/2018,11Z,16.7,48%,1028.2 Hpa,350º (N),3.6,-,-,-,-,-,-,-,-
,,,,25/12/2018,10Z,14.6,55%,1028.5 Hpa,330º (NW),7.6,-,-,-,-,-,-,-,-
,,,,25/12/2018,09Z,10.9,67%,1028.8 Hpa,100º (E),1.8,8/8,-,-,CI/CS,-,-,-,Overcast
,,,,25/12/2018,08Z,10.3,65%,1028.0 Hpa,360º (N),7.6,-,-,-,-,-,-,-,-
,,,,25/12/2018,07Z,8.8,75%,1027.0 Hpa,350º (N),5.4,-,-,-,-,-,-,-,-
,,,,25/12/2018,06Z,8.7,78%,1026.3 Hpa,350º (N),7.6,7/8,-,-,CI/CS,-,-,7.9,Cloudy
,,,,25/12/2018,05Z,8.4,79%,1026.4 Hpa,350º (N),7.6,-,-,-,-,-,-,-,-
,,,,25/12/2018,04Z,8.9,78%,1026.6 Hpa,360º (N),9.4,-,-,-,-,-,-,-,-
,,,,25/12/2018,03Z,8.3,76%,1026.8 Hpa,360º (N),7.6,-,-,-,-,-,-,-,-
,,,,25/12/2018,02Z,7.9,81%,1026.7 Hpa,0º (N),0.0,-,-,-,-,-,-,-,-
,,,,25/12/2018,01Z,8.7,79%,1026.5 Hpa,330º (NW),7.6,-,-,-,-,-,-,-,-
,,,,25/12/2018,00Z,8.9,85%,1026.9 Hpa,20º (N),3.6,-,-,-,-,-,-,-,-
,,,,24/12/2018,23Z,8.6,87%,1027.3 Hpa,340º (N),3.6,-,-,-,-,-,-,-,-
,,,,24/12/2018,22Z,9.9,81%,1027.1 Hpa,0º (N),0.0,-,-,-,-,-,-,-,-
,,,,24/12/2018,21Z,10.0,84%,1026.6 Hpa,10º (N),3.6,8/8,-,-,CS,-,-,-,Overcast
,,,,24/12/2018,20Z,10.2,83%,1026.4 Hpa,20º (N),7.6,-,-,-,-,-,-,-,-
,,,,24/12/2018,19Z,10.8,88%,1026.1 Hpa,20º (N),5.4,-,-,-,-,-,-,-,-
,,,,24/12/2018,18Z,12.1,96%,1025.8 Hpa,360º (N),7.6,8/8,-,-,CS,-,17.8,-,"Overcast, mist"
,,,,24/12/2018,17Z,14.4,91%,1025.9 Hpa,260º (W),3.6,-,-,-,-,-,-,-,-
,,,,24/12/2018,16Z,15.9,86%,1025.9 Hpa,210º (SW),3.6,-,-,-,-,-,-,-,-
,,,,24/12/2018,15Z,16.9,80%,1025.7 Hpa,200º (S),7.6,7/8,1/8 ST,-,CI/CS,-,-,-,Cloudy
,,,,24/12/2018,14Z,17.2,75%,1025.5 Hpa,210º (SW),9.4,-,-,-,-,-,-,-,-
,,,,24/12/2018,13Z,17.1,67%,1026.2 Hpa,210º (SW),11.2,-,-,-,-,-,-,-,-
,,,,24/12/2018,12Z,17.4,66%,1027.2 Hpa,210º (SW),13.0,4/8,-,-,CI/CS,-,-,-,Scattered clouds
,,,,24/12/2018,11Z,17.2,49%,1028.0 Hpa,150º (SE),7.6,-,-,-,-,-,-,-,-
,,,,24/12/2018,10Z,16.4,48%,1028.8 Hpa,140º (SE),3.6,-,-,-,-,-,-,-,-
,,,,24/12/2018,09Z,14.2,48%,1028.7 Hpa,350º (N),3.6,6/8,-,-,CI/CS,-,-,-,Cloudy
,,,,24/12/2018,08Z,8.7,65%,1028.1 Hpa,340º (N),9.4,-,-,-,-,-,-,-,-
,,,,24/12/2018,07Z,8.5,64%,1027.7 Hpa,40º (NE),3.6,-,-,-,-,-,-,-,-
,,,,24/12/2018,06Z,9.0,58%,1027.9 Hpa,10º (N),9.4,8/8,-,-,CS,-,-,7.0,Overcast
,,,,24/12/2018,05Z,7.2,77%,1028.2 Hpa,350º (N),3.6,-,-,-,-,-,-,-,-
,,,,24/12/2018,04Z,7.9,71%,1028.6 Hpa,320º (NW),3.6,-,-,-,-,-,-,-,-
,,,,24/12/2018,03Z,9.4,62%,1028.8 Hpa,360º (N),9.4,-,-,-,-,-,-,-,-
,,,,24/12/2018,02Z,8.8,69%,1029.0 Hpa,340º (N),7.6,-,-,-,-,-,-,-,-
,,,,24/12/2018,01Z,8.0,84%,1029.0 Hpa,330º (NW),7.4,-,-,-,-,-,-,-,-
,,,,24/12/2018,00Z,9.4,72%,1029.6 Hpa,20º (N),7.6,-,-,-,-,-,-,-,-
,,,,23/12/2018,23Z,9.3,80%,1029.9 Hpa,330º (NW),13.0,-,-,-,-,-,-,-,-
,,,,23/12/2018,22Z,10.4,76%,1029.8 Hpa,360º (N),5.4,-,-,-,-,-,-,-,-
,,,,23/12/2018,21Z,10.8,71%,1029.7 Hpa,330º (NW),11.2,2/8,-,-,CI,-,-,-,Few clouds
,,,,23/12/2018,20Z,10.8,78%,1030.0 Hpa,330º (NW),11.2,-,-,-,-,-,-,-,-
,,,,23/12/2018,19Z,11.7,67%,1029.6 Hpa,20º (N),9.4,-,-,-,-,-,-,-,-
,,,,23/12/2018,18Z,13.0,81%,1029.3 Hpa,350º (N),9.4,3/8,-,-,CI,-,19.1,-,Scattered clouds
,,,,23/12/2018,17Z,14.9,74%,1029.0 Hpa,290º (W),7.6,-,-,-,-,-,-,-,-
,,,,23/12/2018,16Z,17.2,67%,1028.9 Hpa,240º (SW),11.2,-,-,-,-,-,-,-,-
,,,,23/12/2018,15Z,18.3,56%,1028.8 Hpa,230º (SW),7.6,1/8,-,-,CI,-,-,-,Few clouds
,,,,23/12/2018,14Z,17.9,65%,1029.1 Hpa,230º (SW),14.8,-,-,-,-,-,-,-,-
,,,,23/12/2018,13Z,17.9,61%,1029.4 Hpa,220º (SW),13.0,-,-,-,-,-,-,-,-
,,,,23/12/2018,12Z,17.8,55%,1030.4 Hpa,210º (SW),11.2,2/8,-,-,CI,-,-,-,Few clouds
,,,,23/12/2018,11Z,18.5,42%,1031.2 Hpa,190º (S),5.4,-,-,-,-,-,-,-,-
,,,,23/12/2018,10Z,16.9,42%,1031.7 Hpa,120º (SE),5.4,-,-,-,-,-,-,-,-
,,,,23/12/2018,09Z,14.2,36%,1031.4 Hpa,330º (NW),13.0,3/8,-,-,CI,-,-,-,Scattered clouds
,,,,23/12/2018,08Z,9.1,57%,1030.9 Hpa,340º (N),13.0,-,-,-,-,-,-,-,-
,,,,23/12/2018,07Z,7.4,64%,1030.5 Hpa,330º (NW),7.6,-,-,-,-,-,-,-,-
,,,,23/12/2018,06Z,9.3,54%,1030.1 Hpa,360º (N),3.6,3/8,-,2/8 AS,CI/CS,-,-,7.4,Scattered clouds
,,,,23/12/2018,05Z,10.2,50%,1029.8 Hpa,340º (N),16.6,-,-,-,-,-,-,-,-
,,,,23/12/2018,04Z,10.4,51%,1029.8 Hpa,350º (N),14.8,-,-,-,-,-,-,-,-
,,,,23/12/2018,03Z,9.1,61%,1030.1 Hpa,350º (N),13.0,-,-,-,-,-,-,-,-
,,,,23/12/2018,02Z,8.0,68%,1030.2 Hpa,10º (N),5.4,-,-,-,-,-,-,-,-
,,,,23/12/2018,01Z,8.8,69%,1030.1 Hpa,350º (N),9.4,-,-,-,-,-,-,-,-
,,,,23/12/2018,00Z,9.1,70%,1030.4 Hpa,10º (N),5.4,-,-,-,-,-,-,-,-
,,,,22/12/2018,23Z,9.6,67%,1030.5 Hpa,330º (NW),11.2,-,-,-,-,-,-,-,-
,,,,22/12/2018,22Z,9.4,68%,1030.5 Hpa,320º (NW),7.6,-,-,-,-,-,-,-,-
,,,,22/12/2018,21Z,10.3,60%,1030.4 Hpa,10º (N),7.6,4/8,-,-,CI/CS,-,-,-,Scattered clouds
,,,,22/12/2018,20Z,11.2,62%,1030.3 Hpa,20º (N),11.2,-,-,-,-,-,-,-,-
,,,,22/12/2018,19Z,11.0,70%,1030.4 Hpa,20º (N),3.6,-,-,-,-,-,-,-,-
,,,,22/12/2018,18Z,11.9,84%,1030.4 Hpa,350º (N),7.6,2/8,-,-,CI,-,18.1,-,Few clouds
,,,,22/12/2018,17Z,15.0,73%,1030.2 Hpa,0º (N),0.0,-,-,-,-,-,-,-,-
,,,,22/12/2018,16Z,17.0,66%,1030.2 Hpa,200º (S),5.4,-,-,-,-,-,-,-,-
,,,,22/12/2018,15Z,17.7,61%,1030.2 Hpa,210º (SW),7.6,2/8,-,-,CI,-,-,-,Few clouds
,,,,22/12/2018,14Z,17.6,51%,1030.3 Hpa,200º (S),9.4,-,-,-,-,-,-,-,-
,,,,22/12/2018,13Z,17.4,61%,1030.6 Hpa,200º (S),11.2,-,-,-,-,-,-,-,-
,,,,22/12/2018,12Z,17.5,52%,1031.3 Hpa,200º (S),5.4,1/8,-,-,CI,-,-,-,Few clouds
,,,,22/12/2018,11Z,17.0,57%,1032.1 Hpa,180º (S),7.6,-,-,-,-,-,-,-,-
,,,,22/12/2018,10Z,15.6,57%,1032.7 Hpa,300º (NW),3.6,-,-,-,-,-,-,-,-
,,,,22/12/2018,09Z,13.1,48%,1032.2 Hpa,350º (N),9.4,1/8,1/8 ST,-,CI,-,-,-,Few clouds
,,,,22/12/2018,08Z,10.5,56%,1031.7 Hpa,340º (N),11.2,-,-,-,-,-,-,-,-
,,,,22/12/2018,07Z,10.1,58%,1031.4 Hpa,330º (NW),14.8,-,-,-,-,-,-,-,-
,,,,22/12/2018,06Z,10.2,60%,1031.2 Hpa,330º (NW),13.0,0/8,-,-,-,-,-,9.3,Clear
,,,,22/12/2018,05Z,10.5,58%,1031.0 Hpa,330º (NW),16.6,-,-,-,-,-,-,-,-
,,,,22/12/2018,04Z,10.5,61%,1031.2 Hpa,330º (NW),20.5,-,-,-,-,-,-,-,-
,,,,22/12/2018,03Z,10.0,75%,1031.5 Hpa,50º (NE),7.6,-,-,-,-,-,-,-,-
,,,,22/12/2018,02Z,10.4,70%,1031.5 Hpa,360º (N),11.2,-,-,-,-,-,-,-,-
,,,,22/12/2018,01Z,10.0,72%,1031.9 Hpa,330º (NW),18.4,-,-,-,-,-,-,-,-
,,,,22/12/2018,00Z,10.5,75%,1032.3 Hpa,320º (NW),18.4,-,-,-,-,-,-,-,-
,,,,21/12/2018,23Z,10.5,77%,1032.6 Hpa,330º (NW),14.8,-,-,-,-,-,-,-,-
,,,,21/12/2018,22Z,10.6,82%,1032.8 Hpa,340º (N),16.6,-,-,-,-,-,-,-,-
,,,,21/12/2018,21Z,11.2,85%,1032.7 Hpa,340º (N),11.2,1/8,-,-,CI,-,-,-,Few clouds
,,,,21/12/2018,20Z,12.2,85%,1032.6 Hpa,330º (NW),13.0,-,-,-,-,-,-,-,-
,,,,21/12/2018,19Z,11.8,88%,1032.8 Hpa,350º (N),9.4,-,-,-,-,-,-,-,-
,,,,21/12/2018,18Z,12.5,85%,1032.7 Hpa,320º (NW),7.6,1/8,-,-,CI,-,17.7,-,Few clouds
,,,,21/12/2018,17Z,15.2,76%,1032.4 Hpa,200º (S),3.6,-,-,-,-,-,-,-,-
,,,,21/12/2018,16Z,16.7,69%,1032.1 Hpa,200º (S),7.6,-,-,-,-,-,-,-,-
,,,,21/12/2018,15Z,17.4,69%,1032.0 Hpa,200º (S),11.2,1/8,-,-,CI,-,-,-,Few clouds
,,,,21/12/2018,14Z,17.3,65%,1031.8 Hpa,190º (S),11.2,-,-,-,-,-,-,-,-
,,,,21/12/2018,13Z,17.5,57%,1032.3 Hpa,200º (S),11.2,-,-,-,-,-,-,-,-
,,,,21/12/2018,12Z,17.4,53%,1032.9 Hpa,200º (S),7.6,1/8,-,-,CI,-,-,-,Few clouds
,,,,21/12/2018,11Z,16.3,54%,1033.6 Hpa,190º (S),7.6,-,-,-,-,-,-,-,-
,,,,21/12/2018,10Z,16.0,56%,1033.6 Hpa,120º (SE),7.6,-,-,-,-,-,-,-,-
,,,,21/12/2018,09Z,13.1,53%,1033.2 Hpa,330º (NW),13.0,0/8,-,-,-,-,-,-,Clear
,,,,21/12/2018,08Z,9.8,62%,1032.5 Hpa,330º (NW),22.3,-,-,-,-,-,-,-,-
,,,,21/12/2018,07Z,9.2,65%,1032.1 Hpa,330º (NW),20.5,-,-,-,-,-,-,-,-
,,,,21/12/2018,06Z,9.7,63%,1031.4 Hpa,340º (N),16.6,0/8,-,-,-,-,-,9.6,Clear
,,,,21/12/2018,05Z,9.8,63%,1030.8 Hpa,340º (N),18.4,-,-,-,-,-,-,-,-
,,,,21/12/2018,04Z,10.3,61%,1030.7 Hpa,330º (NW),18.4,-,-,-,-,-,-,-,-
,,,,21/12/2018,03Z,10.7,61%,1030.4 Hpa,340º (N),20.5,-,-,-,-,-,-,-,-
,,,,21/12/2018,02Z,11.3,62%,1030.3 Hpa,340º (N),16.6,-,-,-,-,-,-,-,-
,,,,21/12/2018,01Z,11.1,66%,1030.0 Hpa,340º (N),16.6,-,-,-,-,-,-,-,-
,,,,21/12/2018,00Z,10.7,71%,1029.7 Hpa,350º (N),16.6,-,-,-,-,-,-,-,-
,,,,20/12/2018,23Z,10.7,72%,1030.2 Hpa,330º (NW),11.2,-,-,-,-,-,-,-,-
,,,,20/12/2018,22Z,11.7,72%,1029.8 Hpa,320º (NW),18.4,-,-,-,-,-,-,-,-
,,,,20/12/2018,21Z,11.8,75%,1029.3 Hpa,320º (NW),13.0,0/8,-,-,-,-,-,-,Clear
,,,,20/12/2018,20Z,11.4,85%,1029.2 Hpa,330º (NW),13.0,-,-,-,-,-,-,-,-
,,,,20/12/2018,19Z,11.8,82%,1028.7 Hpa,350º (N),9.4,-,-,-,-,-,-,-,-
,,,,20/12/2018,18Z,13.1,77%,1028.1 Hpa,350º (N),3.6,0/8,-,-,-,-,18.7,-,Clear
,,,,20/12/2018,17Z,15.4,70%,1027.3 Hpa,160º (S),11.2,-,-,-,-,-,-,-,-
,,,,20/12/2018,16Z,17.0,58%,1026.4 Hpa,160º (S),14.8,-,-,-,-,-,-,-,-
,,,,20/12/2018,15Z,17.9,52%,1025.8 Hpa,160º (S),16.6,1/8,-,1/8 AC,-,-,-,-,Few clouds
,,,,20/12/2018,14Z,18.4,47%,1025.3 Hpa,210º (SW),13.0,-,-,-,-,-,-,-,-
,,,,20/12/2018,13Z,18.4,49%,1025.6 Hpa,140º (SE),7.6,-,-,-,-,-,-,-,-
,,,,20/12/2018,12Z,17.9,55%,1026.1 Hpa,180º (S),9.4,6/8,-,6/8 AC,-,-,-,-,Cloudy
,,,,20/12/2018,11Z,16.5,56%,1027.1 Hpa,170º (S),7.6,-,-,-,-,-,-,-,-
,,,,20/12/2018,10Z,15.9,51%,1027.1 Hpa,250º (W),7.6,-,-,-,-,-,-,-,-
,,,,20/12/2018,09Z,14.4,62%,1026.4 Hpa,330º (NW),13.0,7/8,1/8 SC,AC,-,-,-,-,Cloudy
,,,,20/12/2018,08Z,13.2,66%,1026.0 Hpa,90º (E),7.6,-,-,-,-,-,-,-,-
,,,,20/12/2018,07Z,13.9,58%,1025.7 Hpa,330º (NW),11.2,-,-,-,-,-,-,-,-
,,,,20/12/2018,06Z,13.5,60%,1024.6 Hpa,350º (N),11.2,8/8,-,6/8 AS,CS,-,-,12.8,Overcast
,,,,20/12/2018,05Z,13.0,66%,1023.9 Hpa,360º (N),9.4,-,-,-,-,-,-,-,-
,,,,20/12/2018,04Z,13.5,62%,1024.0 Hpa,340º (N),16.6,-,-,-,-,-,-,-,-
,,,,20/12/2018,03Z,13.2,66%,1024.0 Hpa,360º (N),13.0,-,-,-,-,-,-,-,-
,,,,20/12/2018,02Z,13.1,74%,1023.7 Hpa,340º (N),13.0,-,-,-,-,-,-,-,-
,,,,20/12/2018,01Z,13.9,73%,1023.6 Hpa,350º (N),13.0,-,-,-,-,-,-,-,-
,,,,20/12/2018,00Z,14.0,81%,1023.4 Hpa,350º (N),13.0,-,-,-,-,-,-,-,-
,,,,19/12/2018,23Z,13.5,89%,1023.9 Hpa,350º (N),9.4,-,-,-,-,-,-,-,-
,,,,19/12/2018,22Z,14.7,93%,1023.7 Hpa,40º (NE),9.4,-,-,-,-,-,-,-,-
,,,,19/12/2018,21Z,15.1,93%,1023.6 Hpa,30º (NE),9.4,7/8,1/8 SC,AC,CI/CS,-,-,-,Cloudy
,,,,19/12/2018,20Z,14.8,94%,1023.1 Hpa,40º (NE),11.2,-,-,-,-,-,-,-,-
,,,,19/12/2018,19Z,14.7,96%,1022.8 Hpa,50º (NE),9.4,-,-,-,-,-,-,-,-
,,,,19/12/2018,18Z,14.6,94%,1022.4 Hpa,100º (E),5.4,6/8,1/8 SC,AC,CI/CS,-,19.1,-,Cloudy
,,,,19/12/2018,17Z,16.2,90%,1021.9 Hpa,250º (W),9.4,-,-,-,-,-,-,-,-
,,,,19/12/2018,16Z,17.1,88%,1021.5 Hpa,230º (SW),16.6,-,-,-,-,-,-,-,-
,,,,19/12/2018,15Z,18.3,80%,1021.1 Hpa,230º (SW),27.7,4/8,1/8 CU/ST,AC,CI/CS,-,-,-,Scattered clouds
,,,,19/12/2018,14Z,18.8,70%,1021.1 Hpa,250º (W),27.7,-,-,-,-,-,-,-,-
,,,,19/12/2018,13Z,18.2,74%,1021.7 Hpa,230º (SW),22.3,7/8,1/8 SC,AC,CCM,-,-,-,Cloudy
,,,,19/12/2018,12Z,17.6,79%,1022.6 Hpa,240º (SW),14.8,7/8,1/8 CU/ST,AS,CI/CS,-,-,-,Cloudy
,,,,19/12/2018,11Z,17.5,80%,1023.7 Hpa,220º (SW),11.2,-,-,-,-,-,-,-,-
,,,,19/12/2018,10Z,15.1,81%,1024.3 Hpa,340º (N),1.8,-,-,-,-,-,-,-,-
,,,,19/12/2018,09Z,13.9,82%,1023.9 Hpa,310º (NW),5.4,7/8,7/8 SC,-,CI,-,-,-,Cloudy
,,,,19/12/2018,08Z,12.4,88%,1023.2 Hpa,290º (W),9.4,-,-,-,-,-,-,-,-
,,,,19/12/2018,07Z,9.5,92%,1022.8 Hpa,320º (NW),5.4,-,-,-,-,-,-,-,-
,,,,19/12/2018,06Z,12.0,88%,1022.5 Hpa,320º (NW),3.6,5/8,1/8 CU,AC,CI/CS,-,-,10.0,Cloudy
,,,,19/12/2018,05Z,12.0,85%,1022.2 Hpa,290º (W),3.6,-,-,-,-,-,-,-,-
,,,,19/12/2018,04Z,11.7,85%,1022.5 Hpa,310º (NW),3.6,-,-,-,-,-,-,-,-
,,,,19/12/2018,03Z,10.3,88%,1022.8 Hpa,310º (NW),9.4,-,-,-,-,-,-,-,-
,,,,19/12/2018,02Z,10.7,88%,1023.2 Hpa,290º (W),3.6,-,-,-,-,-,-,-,-
,,,,19/12/2018,01Z,10.7,86%,1023.4 Hpa,310º (NW),5.4,-,-,-,-,-,-,-,-
,,,,19/12/2018,00Z,11.4,85%,1024.0 Hpa,320º (NW),13.0,-,-,-,-,-,-,-,-
,,,,18/12/2018,23Z,11.0,91%,1024.6 Hpa,320º (NW),7.6,-,-,-,-,-,-,-,-
,,,,18/12/2018,22Z,10.1,91%,1024.7 Hpa,340º (N),9.4,-,-,-,-,-,-,-,-
,,,,18/12/2018,21Z,11.3,89%,1024.7 Hpa,350º (N),3.6,0/8,-,-,-,-,-,-,Clear
,,,,18/12/2018,20Z,11.3,88%,1024.6 Hpa,320º (NW),5.4,-,-,-,-,-,-,-,-
,,,,18/12/2018,19Z,13.3,82%,1024.2 Hpa,240º (SW),13.0,-,-,-,-,-,-,-,-
,,,,18/12/2018,18Z,13.6,77%,1024.0 Hpa,260º (W),9.4,1/8,1/8 SC,-,CI,-,17.6,-,Few clouds
,,,,18/12/2018,17Z,14.9,78%,1023.6 Hpa,210º (SW),16.6,-,-,-,-,-,-,-,-
,,,,18/12/2018,16Z,15.9,78%,1023.4 Hpa,210º (SW),14.8,-,-,-,-,-,-,-,-
,,,,18/12/2018,15Z,16.9,72%,1023.3 Hpa,190º (S),13.0,3/8,1/8 SC,-,CCM,-,-,-,Scattered clouds
,,,,18/12/2018,14Z,17.1,71%,1023.6 Hpa,200º (S),14.8,-,-,-,-,-,-,-,-
,,,,18/12/2018,13Z,17.1,68%,1024.2 Hpa,200º (S),11.2,-,-,-,-,-,-,-,-
,,,,18/12/2018,12Z,17.5,61%,1025.3 Hpa,200º (S),9.4,2/8,1/8 CU,-,CCM,-,-,-,Few clouds
,,,,18/12/2018,11Z,17.4,58%,1026.2 Hpa,170º (S),7.6,-,-,-,-,-,-,-,-
,,,,18/12/2018,10Z,14.4,59%,1027.1 Hpa,330º (NW),14.8,-,-,-,-,-,-,-,-
,,,,18/12/2018,09Z,11.5,68%,1027.2 Hpa,330º (NW),18.4,1/8,-,-,CI,-,-,-,Few clouds
,,,,18/12/2018,08Z,9.4,73%,1026.8 Hpa,330º (NW),24.1,-,-,-,-,-,-,-,-
,,,,18/12/2018,07Z,9.7,75%,1026.4 Hpa,340º (N),16.6,-,-,-,-,-,-,-,-
,,,,18/12/2018,06Z,10.1,74%,1026.3 Hpa,330º (NW),22.3,0/8,-,-,-,Tr(24h),-,9.7,Clear
,,,,18/12/2018,05Z,9.8,75%,1026.1 Hpa,330º (NW),22.3,-,-,-,-,-,-,-,-
,,,,18/12/2018,04Z,9.9,75%,1026.5 Hpa,330º (NW),22.3,-,-,-,-,-,-,-,-
,,,,18/12/2018,03Z,10.2,75%,1027.2 Hpa,330º (NW),22.3,-,-,-,-,-,-,-,-
,,,,18/12/2018,02Z,9.8,77%,1027.8 Hpa,360º (N),16.6,-,-,-,-,-,-,-,-
,,,,18/12/2018,01Z,10.2,77%,1028.2 Hpa,350º (N),16.6,-,-,-,-,-,-,-,-
,,,,18/12/2018,00Z,11.0,76%,1028.9 Hpa,330º (NW),13.0,-,-,-,-,-,-,-,-
,,,,17/12/2018,23Z,11.0,77%,1029.2 Hpa,330º (NW),11.2,-,-,-,-,-,-,-,-
,,,,17/12/2018,22Z,11.3,80%,1029.3 Hpa,330º (NW),11.2,-,-,-,-,-,-,-,-
,,,,17/12/2018,21Z,11.5,85%,1029.2 Hpa,340º (N),7.6,3/8,1/8 CU,-,CI,-,-,-,Scattered clouds
,,,,17/12/2018,20Z,12.6,74%,1029.1 Hpa,10º (N),11.2,-,-,-,-,-,-,-,-
,,,,17/12/2018,19Z,13.5,74%,1029.0 Hpa,30º (NE),7.6,-,-,-,-,-,-,-,-
,,,,17/12/2018,18Z,14.4,73%,1028.7 Hpa,40º (NE),11.2,5/8,3/8 CU/ST,-,CI,Tr(12h),19.8,-,Cloudy
,,,,17/12/2018,17Z,15.9,73%,1028.0 Hpa,150º (SE),13.0,-,-,-,-,-,-,-,-
,,,,17/12/2018,16Z,16.3,66%,1027.8 Hpa,180º (S),9.4,-,-,-,-,-,-,-,-
,,,,17/12/2018,15Z,18.2,56%,1027.6 Hpa,160º (S),13.0,5/8,2/8 CU/ST,-,CI,-,-,-,Cloudy
,,,,17/12/2018,14Z,19.1,56%,1027.7 Hpa,150º (SE),11.2,-,-,-,-,-,-,-,-
,,,,17/12/2018,13Z,19.4,49%,1028.1 Hpa,120º (SE),13.0,-,-,-,-,-,-,-,-
,,,,17/12/2018,12Z,19.6,51%,1028.7 Hpa,100º (E),14.8,5/8,3/8 CU/ST,-,CI,Tr(6h),-,-,Cloudy
,,,,17/12/2018,11Z,18.4,55%,1029.4 Hpa,50º (NE),16.6,-,-,-,-,-,-,-,-
,,,,17/12/2018,10Z,16.6,50%,1029.7 Hpa,320º (NW),13.0,-,-,-,-,-,-,-,-
,,,,17/12/2018,09Z,14.1,53%,1029.3 Hpa,330º (NW),20.5,4/8,1/8 CU/ST,-,CCM,Tr(3h),-,-,Scattered clouds
,,,,17/12/2018,08Z,12.1,60%,1028.7 Hpa,330º (NW),22.3,-,-,-,-,-,-,-,-
,,,,17/12/2018,07Z,11.8,69%,1027.7 Hpa,320º (NW),14.8,-,-,-,-,-,-,-,-
,,,,17/12/2018,06Z,15.0,85%,1027.0 Hpa,30º (NE),11.2,6/8,6/8 SC,-,-,-,-,12.0,Cloudy
,,,,17/12/2018,05Z,15.4,85%,1026.2 Hpa,40º (NE),18.4,-,-,-,-,-,-,-,-
,,,,17/12/2018,04Z,14.6,82%,1025.5 Hpa,50º (NE),18.4,-,-,-,-,-,-,-,-
,,,,17/12/2018,03Z,13.5,82%,1025.2 Hpa,40º (NE),11.2,-,-,-,-,-,-,-,-
,,,,17/12/2018,02Z,12.6,95%,1024.9 Hpa,40º (NE),9.4,-,-,-,-,-,-,-,-
,,,,17/12/2018,01Z,13.2,94%,1024.5 Hpa,20º (N),14.8,-,-,-,-,-,-,-,-
,,,,17/12/2018,00Z,12.8,92%,1024.6 Hpa,40º (NE),9.4,-,-,-,-,-,-,-,-
,,,,16/12/2018,23Z,13.0,94%,1024.5 Hpa,40º (NE),11.2,-,-,-,-,-,-,-,-
,,,,16/12/2018,22Z,13.1,93%,1023.9 Hpa,340º (N),3.6,-,-,-,-,-,-,-,-
,,,,16/12/2018,21Z,14.6,91%,1023.1 Hpa,30º (NE),13.0,1/8,-,-,-,-,-,-,Few clouds
,,,,16/12/2018,20Z,15.6,89%,1023.0 Hpa,360º (N),7.6,-,-,-,-,-,-,-,-
,,,,16/12/2018,19Z,16.1,87%,1022.8 Hpa,220º (SW),13.0,-,-,-,-,-,-,-,-
,,,,16/12/2018,18Z,16.4,85%,1021.9 Hpa,240º (SW),13.0,-,-,-,-,-,19.9,-,-
,,,,16/12/2018,17Z,16.8,81%,1021.2 Hpa,250º (W),11.2,-,-,-,-,-,-,-,-
,,,,16/12/2018,16Z,18.2,73%,1020.7 Hpa,230º (SW),31.3,-,-,-,-,-,-,-,-
,,,,16/12/2018,15Z,19.6,67%,1020.7 Hpa,220º (SW),5.4,1/8,-,-,CI,-,-,-,Few clouds
,,,,16/12/2018,14Z,19.8,61%,1020.5 Hpa,200º (S),7.6,-,-,-,-,-,-,-,-
,,,,16/12/2018,13Z,19.1,63%,1020.9 Hpa,210º (SW),20.5,-,-,-,-,-,-,-,-
,,,,16/12/2018,12Z,18.6,71%,1021.6 Hpa,190º (S),7.6,1/8,1/8 SC,-,CI,-,-,-,Few clouds
,,,,16/12/2018,11Z,17.5,74%,1022.4 Hpa,210º (SW),11.2,-,-,-,-,-,-,-,-
,,,,16/12/2018,10Z,16.3,75%,1022.5 Hpa,240º (SW),9.4,-,-,-,-,-,-,-,-
,,,,16/12/2018,09Z,13.7,76%,1022.2 Hpa,310º (NW),3.6,1/8,1/8 CU,-,CI,-,-,-,Few clouds
,,,,16/12/2018,08Z,9.5,89%,1021.8 Hpa,330º (NW),7.6,-,-,-,-,-,-,-,-
,,,,16/12/2018,07Z,9.7,87%,1021.9 Hpa,320º (NW),11.2,-,-,-,-,-,-,-,-
,,,,16/12/2018,06Z,11.1,89%,1022.1 Hpa,310º (NW),7.6,7/8,7/8 ST,N/A,N/A,-,-,8.9,Cloudy
,,,,16/12/2018,05Z,10.5,89%,1021.8 Hpa,320º (NW),11.2,-,-,-,-,-,-,-,-
,,,,16/12/2018,04Z,10.9,82%,1022.2 Hpa,330º (NW),13.0,-,-,-,-,-,-,-,-
,,,,16/12/2018,03Z,9.4,87%,1022.9 Hpa,330º (NW),13.0,-,-,-,-,-,-,-,-
,,,,16/12/2018,02Z,9.9,85%,1023.3 Hpa,360º (N),3.6,-,-,-,-,-,-,-,-
,,,,16/12/2018,01Z,9.6,87%,1023.7 Hpa,0º (N),0.0,-,-,-,-,-,-,-,-
,,,,16/12/2018,00Z,9.9,87%,1024.5 Hpa,0º (N),0.0,-,-,-,-,-,-,-,-
,,,,15/12/2018,23Z,10.0,88%,1025.0 Hpa,270º (W),3.6,-,-,-,-,-,-,-,-
,,,,15/12/2018,22Z,10.3,86%,1025.1 Hpa,340º (N),7.6,-,-,-,-,-,-,-,-
,,,,15/12/2018,21Z,10.8,88%,1025.2 Hpa,340º (N),13.0,0/8,-,-,-,-,-,-,Clear
,,,,15/12/2018,20Z,11.0,88%,1025.6 Hpa,10º (N),3.6,-,-,-,-,-,-,-,-
,,,,15/12/2018,19Z,13.1,87%,1025.6 Hpa,280º (W),7.6,-,-,-,-,-,-,-,-
,,,,15/12/2018,18Z,14.3,81%,1025.2 Hpa,240º (SW),13.0,1/8,-,-,CI,-,17.7,-,Few clouds
,,,,15/12/2018,17Z,15.1,76%,1025.1 Hpa,240º (SW),14.8,-,-,-,-,-,-,-,-
,,,,15/12/2018,16Z,16.6,64%,1025.1 Hpa,220º (SW),22.3,-,-,-,-,-,-,-,-
,,,,15/12/2018,15Z,17.3,61%,1024.9 Hpa,220º (SW),20.5,1/8,-,-,CI,-,-,-,Few clouds
,,,,15/12/2018,14Z,17.4,61%,1024.7 Hpa,210º (SW),18.4,-,-,-,-,-,-,-,-
,,,,15/12/2018,13Z,17.4,56%,1025.4 Hpa,210º (SW),22.3,-,-,-,-,-,-,-,-
,,,,15/12/2018,12Z,17.5,54%,1026.0 Hpa,210º (SW),18.4,3/8,-,-,CI,-,-,-,Scattered clouds
,,,,15/12/2018,11Z,16.9,51%,1026.8 Hpa,220º (SW),18.4,-,-,-,-,-,-,-,-
,,,,15/12/2018,10Z,16.4,37%,1027.0 Hpa,260º (W),7.6,-,-,-,-,-,-,-,-
,,,,15/12/2018,09Z,14.1,38%,1026.6 Hpa,320º (NW),9.4,2/8,-,-,CI,-,-,-,Few clouds
,,,,15/12/2018,08Z,11.0,47%,1026.3 Hpa,330º (NW),13.0,-,-,-,-,-,-,-,-
,,,,15/12/2018,07Z,10.9,43%,1025.8 Hpa,330º (NW),18.4,-,-,-,-,-,-,-,-
,,,,15/12/2018,06Z,10.3,48%,1025.5 Hpa,330º (NW),20.5,0/8,-,-,-,-,-,9.8,Clear
,,,,15/12/2018,05Z,9.9,50%,1025.0 Hpa,320º (NW),16.6,-,-,-,-,-,-,-,-
,,,,15/12/2018,04Z,10.5,46%,1025.0 Hpa,330º (NW),20.5,-,-,-,-,-,-,-,-
,,,,15/12/2018,03Z,10.3,48%,1025.2 Hpa,320º (NW),20.5,-,-,-,-,-,-,-,-
,,,,15/12/2018,02Z,10.5,46%,1025.4 Hpa,320º (NW),18.4,-,-,-,-,-,-,-,-
,,,,15/12/2018,01Z,10.6,45%,1025.2 Hpa,320º (NW),20.5,-,-,-,-,-,-,-,-
,,,,15/12/2018,00Z,10.8,45%,1025.4 Hpa,320º (NW),20.5,-,-,-,-,-,-,-,-
,,,,14/12/2018,23Z,12.1,44%,1025.3 Hpa,310º (NW),20.5,-,-,-,-,-,-,-,-
,,,,14/12/2018,22Z,13.0,40%,1025.2 Hpa,330º (NW),13.0,-,-,-,-,-,-,-,-
,,,,14/12/2018,21Z,13.1,40%,1024.7 Hpa,290º (W),13.0,0/8,-,-,-,-,-,-,Clear
,,,,14/12/2018,20Z,14.7,33%,1024.0 Hpa,320º (NW),22.3,-,-,-,-,-,-,-,-
,,,,14/12/2018,19Z,14.9,34%,1023.3 Hpa,340º (N),16.6,-,-,-,-,-,-,-,-
,,,,14/12/2018,18Z,14.1,50%,1022.6 Hpa,300º (NW),5.4,1/8,-,-,CI,-,20.3,-,Few clouds
,,,,14/12/2018,17Z,17.0,26%,1021.7 Hpa,330º (NW),24.1,-,-,-,-,-,-,-,-
,,,,14/12/2018,16Z,18.5,23%,1020.5 Hpa,310º (NW),27.7,-,-,-,-,-,-,-,-
,,,,14/12/2018,15Z,19.1,25%,1020.3 Hpa,320º (NW),31.3,1/8,-,1/8 AC,-,-,-,-,Few clouds
,,,,14/12/2018,14Z,19.6,26%,1020.1 Hpa,330º (NW),24.1,-,-,-,-,-,-,-,-
,,,,14/12/2018,13Z,17.7,54%,1019.9 Hpa,240º (SW),18.4,-,-,-,-,-,-,-,-
,,,,14/12/2018,12Z,18.8,25%,1019.7 Hpa,290º (W),22.3,2/8,-,1/8 AC,CI,-,-,-,Few clouds
,,,,14/12/2018,11Z,17.9,25%,1019.7 Hpa,320º (NW),50.0,-,-,-,-,-,-,-,-
,,,,14/12/2018,10Z,16.9,29%,1019.5 Hpa,320º (NW),38.9,-,-,-,-,-,-,-,-
,,,,14/12/2018,09Z,15.4,32%,1019.9 Hpa,310º (NW),37.1,2/8,-,1/8 AC,CI,-,-,-,Few clouds
,,,,14/12/2018,08Z,14.6,32%,1018.6 Hpa,300º (NW),33.5,-,-,-,-,-,-,-,-
,,,,14/12/2018,07Z,13.4,34%,1017.6 Hpa,270º (W),29.5,-,-,-,-,-,-,-,-
,,,,14/12/2018,06Z,14.1,32%,1015.8 Hpa,330º (NW),35.3,0/8,-,-,-,5.7(24h),-,12.4,Clear
,,,,14/12/2018,05Z,14.2,32%,1015.1 Hpa,320º (NW),38.9,-,-,-,-,-,-,-,-
,,,,14/12/2018,04Z,13.7,35%,1014.7 Hpa,320º (NW),35.3,-,-,-,-,-,-,-,-
,,,,14/12/2018,03Z,14.1,35%,1014.3 Hpa,310º (NW),40.7,-,-,-,-,-,-,-,-
,,,,14/12/2018,02Z,14.6,32%,1014.2 Hpa,320º (NW),37.1,-,-,-,-,-,-,-,-
,,,,14/12/2018,01Z,13.8,42%,1013.9 Hpa,10º (N),5.4,-,-,-,-,-,-,-,-
,,,,14/12/2018,00Z,14.7,34%,1013.7 Hpa,260º (W),16.6,-,-,-,-,-,-,-,-
,,,,13/12/2018,23Z,14.7,35%,1013.7 Hpa,320º (NW),13.0,-,-,-,-,-,-,-,-
,,,,13/12/2018,22Z,14.8,36%,1012.8 Hpa,310º (NW),20.5,-,-,-,-,-,-,-,-
,,,,13/12/2018,21Z,14.7,37%,1012.1 Hpa,300º (NW),40.7,1/8,1/8 SC,-,-,-,-,-,Few clouds
,,,,13/12/2018,20Z,15.3,35%,1012.2 Hpa,310º (NW),48.2,-,-,-,-,-,-,-,-
,,,,13/12/2018,19Z,14.9,39%,1011.7 Hpa,320º (NW),44.3,-,-,-,-,-,-,-,-
,,,,13/12/2018,18Z,14.9,42%,1011.0 Hpa,300º (NW),40.7,1/8,1/8 SC,-,-,6.0(12h),17.4,-,Few clouds
,,,,13/12/2018,17Z,15.8,37%,1010.6 Hpa,300º (NW),37.1,-,-,-,-,-,-,-,-
,,,,13/12/2018,16Z,17.3,34%,1008.4 Hpa,300º (NW),29.5,-,-,-,-,-,-,-,-
,,,,13/12/2018,15Z,17.2,35%,1007.3 Hpa,330º (NW),35.3,2/8,2/8 CU/ST,AC,-,4.0(3h),-,-,Few clouds
,,,,13/12/2018,14Z,16.5,54%,1007.5 Hpa,290º (W),13.0,-,-,-,-,-,-,-,Precipitation
,,,,13/12/2018,13Z,13.6,70%,1008.4 Hpa,330º (NW),29.5,-,-,-,-,-,-,-,Precipitation
,,,,13/12/2018,12Z,14.4,98%,1009.6 Hpa,250º (W),44.3,8/8,8/8 SC,AS,CS,2.0(6h),-,-,Overcast
,,,,13/12/2018,11Z,16.4,80%,1010.3 Hpa,240º (SW),48.2,-,-,-,-,-,-,-,-
,,,,13/12/2018,10Z,17.0,71%,1010.7 Hpa,240º (SW),55.4,-,-,-,-,-,-,-,-
,,,,13/12/2018,09Z,15.7,71%,1012.0 Hpa,250º (W),35.3,7/8,5/8 CU/ST,AS,CI,-,-,-,Cloudy
,,,,13/12/2018,08Z,14.2,75%,1012.7 Hpa,270º (W),3.6,-,-,-,-,-,-,-,-
,,,,13/12/2018,07Z,13.3,80%,1013.3 Hpa,50º (NE),9.4,-,-,-,-,-,-,-,-
,,,,13/12/2018,06Z,11.8,86%,1013.6 Hpa,90º (E),3.6,5/8,1/8 SC,AS,CI,-,-,10.7,Cloudy
,,,,13/12/2018,05Z,11.8,84%,1013.5 Hpa,20º (N),7.6,-,-,-,-,-,-,-,-
,,,,13/12/2018,04Z,11.6,86%,1014.1 Hpa,280º (W),3.6,-,-,-,-,-,-,-,-
,,,,13/12/2018,03Z,12.0,81%,1015.2 Hpa,360º (N),9.4,-,-,-,-,-,-,-,-
,,,,13/12/2018,02Z,11.9,83%,1015.3 Hpa,340º (N),9.4,-,-,-,-,-,-,-,-
,,,,13/12/2018,01Z,12.0,82%,1015.9 Hpa,10º (N),7.6,-,-,-,-,-,-,-,-
,,,,13/12/2018,00Z,11.5,91%,1016.7 Hpa,330º (NW),7.6,-,-,-,-,-,-,-,-
,,,,12/12/2018,23Z,11.4,85%,1017.2 Hpa,30º (NE),5.4,-,-,-,-,-,-,-,-
,,,,12/12/2018,22Z,12.0,85%,1017.5 Hpa,10º (N),7.6,-,-,-,-,-,-,-,-
,,,,12/12/2018,21Z,12.7,84%,1017.7 Hpa,20º (N),9.4,2/8,-,-,CI,-,-,-,Few clouds
,,,,12/12/2018,20Z,12.4,84%,1018.2 Hpa,20º (N),7.6,-,-,-,-,-,-,-,-
,,,,12/12/2018,19Z,12.4,85%,1018.3 Hpa,340º (N),9.4,-,-,-,-,-,-,-,-
,,,,12/12/2018,18Z,15.0,80%,1018.2 Hpa,240º (SW),9.4,1/8,1/8 SC,-,CI,-,18.6,-,Few clouds
,,,,12/12/2018,17Z,16.0,71%,1018.0 Hpa,240º (SW),7.6,-,-,-,-,-,-,-,-
,,,,12/12/2018,16Z,17.6,75%,1018.3 Hpa,220º (SW),13.0,-,-,-,-,-,-,-,-
,,,,12/12/2018,15Z,18.2,71%,1018.4 Hpa,210º (SW),18.4,1/8,-,-,CI,-,-,-,Few clouds
,,,,12/12/2018,14Z,18.3,72%,1018.8 Hpa,200º (S),11.2,-,-,-,-,-,-,-,-
,,,,12/12/2018,13Z,18.1,67%,1019.5 Hpa,190º (S),9.4,-,-,-,-,-,-,-,-
,,,,12/12/2018,12Z,17.9,66%,1020.6 Hpa,200º (S),7.6,0/8,-,-,-,-,-,-,Clear
,,,,12/12/2018,11Z,17.6,67%,1021.4 Hpa,210º (SW),11.2,-,-,-,-,-,-,-,-
,,,,12/12/2018,10Z,18.0,53%,1021.7 Hpa,290º (W),13.0,-,-,-,-,-,-,-,-
,,,,12/12/2018,09Z,14.7,59%,1021.6 Hpa,330º (NW),11.2,0/8,-,-,-,-,-,-,Clear
,,,,12/12/2018,08Z,11.8,68%,1021.6 Hpa,310º (NW),18.4,-,-,-,-,-,-,-,-
,,,,12/12/2018,07Z,10.8,73%,1020.9 Hpa,330º (NW),16.6,-,-,-,-,-,-,-,-
,,,,12/12/2018,06Z,10.8,75%,1020.7 Hpa,320º (NW),13.0,1/8,1/8 CU,-,-,-,-,8.4,Few clouds
,,,,12/12/2018,05Z,10.5,80%,1020.4 Hpa,340º (N),13.0,-,-,-,-,-,-,-,-
,,,,12/12/2018,04Z,9.7,86%,1020.8 Hpa,320º (NW),7.6,-,-,-,-,-,-,-,-
,,,,12/12/2018,03Z,8.6,90%,1020.8 Hpa,50º (NE),3.6,-,-,-,-,-,-,-,-
,,,,12/12/2018,02Z,10.5,92%,1021.1 Hpa,340º (N),9.4,-,-,-,-,-,-,-,-
,,,,12/12/2018,01Z,10.8,94%,1021.1 Hpa,340º (N),7.6,-,-,-,-,-,-,-,-
,,,,12/12/2018,00Z,11.4,94%,1021.5 Hpa,350º (N),11.2,-,-,-,-,-,-,-,-
,,,,11/12/2018,23Z,11.2,94%,1021.9 Hpa,330º (NW),7.6,-,-,-,-,-,-,-,-
,,,,11/12/2018,22Z,11.6,94%,1021.9 Hpa,340º (N),9.4,-,-,-,-,-,-,-,-
,,,,11/12/2018,21Z,13.5,93%,1021.7 Hpa,360º (N),3.6,3/8,1/8 CU,-,CI,-,-,-,Scattered clouds
,,,,11/12/2018,20Z,12.4,91%,1021.9 Hpa,320º (NW),3.6,-,-,-,-,-,-,-,-
,,,,11/12/2018,19Z,14.4,87%,1021.9 Hpa,250º (W),11.2,-,-,-,-,-,-,-,-
,,,,11/12/2018,18Z,15.3,85%,1021.7 Hpa,240º (SW),16.6,5/8,1/8 CU,AC,CI,-,18.2,-,Cloudy
,,,,11/12/2018,17Z,15.9,81%,1021.5 Hpa,230º (SW),22.3,-,-,-,-,-,-,-,-
,,,,11/12/2018,16Z,16.9,78%,1021.5 Hpa,220º (SW),24.1,-,-,-,-,-,-,-,-
,,,,11/12/2018,15Z,17.6,76%,1021.5 Hpa,220º (SW),24.1,4/8,1/8 CU/ST,-,CI,-,-,-,Scattered clouds
,,,,11/12/2018,14Z,17.8,74%,1021.7 Hpa,210º (SW),22.3,-,-,-,-,-,-,-,-
,,,,11/12/2018,13Z,17.9,74%,1022.5 Hpa,210º (SW),18.4,-,-,-,-,-,-,-,-
,,,,11/12/2018,12Z,17.7,72%,1023.3 Hpa,210º (SW),16.6,3/8,1/8 CU/ST,-,CI,-,-,-,Scattered clouds
,,,,11/12/2018,11Z,17.3,71%,1024.2 Hpa,200º (S),9.4,-,-,-,-,-,-,-,-
,,,,11/12/2018,10Z,17.0,66%,1024.7 Hpa,260º (W),9.4,-,-,-,-,-,-,-,-
,,,,11/12/2018,09Z,14.0,60%,1024.5 Hpa,330º (NW),9.4,1/8,1/8 CU,-,CI,-,-,-,Few clouds
,,,,11/12/2018,08Z,11.4,68%,1024.3 Hpa,330º (NW),9.4,-,-,-,-,-,-,-,-
,,,,11/12/2018,07Z,10.5,71%,1024.2 Hpa,330º (NW),13.0,-,-,-,-,-,-,-,-
,,,,11/12/2018,06Z,11.0,69%,1024.2 Hpa,320º (NW),14.8,1/8,1/8 CU,-,-,-,-,10.3,Few clouds
,,,,11/12/2018,05Z,12.1,65%,1024.0 Hpa,340º (N),13.0,-,-,-,-,-,-,-,-
,,,,11/12/2018,04Z,11.6,69%,1024.2 Hpa,340º (N),14.8,-,-,-,-,-,-,-,-
,,,,11/12/2018,03Z,11.3,75%,1024.5 Hpa,340º (N),13.0,-,-,-,-,-,-,-,-
,,,,11/12/2018,02Z,11.7,75%,1024.9 Hpa,340º (N),14.8,-,-,-,-,-,-,-,-
,,,,11/12/2018,01Z,11.4,81%,1024.9 Hpa,340º (N),13.0,-,-,-,-,-,-,-,-
,,,,11/12/2018,00Z,11.2,85%,1025.5 Hpa,330º (NW),7.6,-,-,-,-,-,-,-,-
,,,,10/12/2018,23Z,13.2,79%,1026.2 Hpa,340º (N),13.0,-,-,-,-,-,-,-,-
,,,,10/12/2018,22Z,13.5,83%,1026.1 Hpa,340º (N),14.8,-,-,-,-,-,-,-,-
,,,,10/12/2018,21Z,14.1,82%,1026.0 Hpa,330º (NW),16.6,1/8,-,-,CI,-,-,-,Few clouds
,,,,10/12/2018,20Z,14.6,79%,1025.8 Hpa,350º (N),11.2,-,-,-,-,-,-,-,-
,,,,10/12/2018,19Z,14.8,81%,1025.8 Hpa,40º (NE),11.2,-,-,-,-,-,-,-,-
,,,,10/12/2018,18Z,15.2,86%,1025.6 Hpa,60º (NE),16.6,1/8,-,-,CI,-,22.9,-,Few clouds
,,,,10/12/2018,17Z,16.4,82%,1025.2 Hpa,60º (NE),24.1,-,-,-,-,-,-,-,-
,,,,10/12/2018,16Z,18.8,69%,1025.5 Hpa,80º (E),24.1,-,-,-,-,-,-,-,-
,,,,10/12/2018,15Z,21.4,55%,1025.5 Hpa,70º (E),18.4,1/8,-,-,CI,-,-,-,Few clouds
,,,,10/12/2018,14Z,22.8,34%,1025.8 Hpa,60º (NE),13.0,-,-,-,-,-,-,-,-
,,,,10/12/2018,13Z,20.3,57%,1026.5 Hpa,220º (SW),9.4,-,-,-,-,-,-,-,-
,,,,10/12/2018,12Z,19.3,65%,1027.3 Hpa,220º (SW),11.2,1/8,-,-,CI,-,-,-,Few clouds
,,,,10/12/2018,11Z,19.1,60%,1028.2 Hpa,200º (S),7.6,-,-,-,-,-,-,-,-
,,,,10/12/2018,10Z,18.3,52%,1028.6 Hpa,200º (S),3.6,-,-,-,-,-,-,-,-
,,,,10/12/2018,09Z,16.9,60%,1028.0 Hpa,0º (N),0.0,1/8,1/8 ST,-,CI,-,-,-,Few clouds
,,,,10/12/2018,08Z,12.8,70%,1027.7 Hpa,30º (NE),3.6,-,-,-,-,-,-,-,-
,,,,10/12/2018,07Z,13.7,59%,1027.1 Hpa,350º (N),14.8,-,-,-,-,-,-,-,-
,,,,10/12/2018,06Z,13.1,64%,1026.9 Hpa,10º (N),9.4,0/8,-,-,-,-,-,9.6,Clear
,,,,10/12/2018,05Z,9.8,87%,1026.8 Hpa,20º (N),3.6,-,-,-,-,-,-,-,-
,,,,10/12/2018,04Z,9.8,95%,1027.0 Hpa,30º (NE),3.6,-,-,-,-,-,-,-,-
,,,,10/12/2018,03Z,10.0,96%,1027.5 Hpa,350º (N),3.6,-,-,-,-,-,-,-,-
,,,,10/12/2018,02Z,10.5,92%,1027.6 Hpa,310º (NW),5.4,-,-,-,-,-,-,-,-
,,,,10/12/2018,01Z,10.5,96%,1027.8 Hpa,20º (N),5.4,-,-,-,-,-,-,-,-
,,,,10/12/2018,00Z,12.2,96%,1028.0 Hpa,30º (NE),7.6,-,-,-,-,-,-,-,-
,,,,09/12/2018,23Z,12.3,96%,1028.1 Hpa,40º (NE),9.4,-,-,-,-,-,-,-,-
,,,,09/12/2018,22Z,11.5,93%,1027.9 Hpa,40º (NE),7.6,-,-,-,-,-,-,-,-
,,,,09/12/2018,21Z,12.3,93%,1028.0 Hpa,350º (N),5.4,1/8,1/8 CU,-,-,-,-,-,Few clouds
,,,,09/12/2018,20Z,12.9,94%,1027.9 Hpa,350º (N),7.6,-,-,-,-,-,-,-,-
,,,,09/12/2018,19Z,13.0,96%,1027.8 Hpa,340º (N),7.6,-,-,-,-,-,-,-,-
,,,,09/12/2018,18Z,14.4,93%,1027.6 Hpa,350º (N),3.6,1/8,1/8 CU,-,CI,-,18.4,-,Few clouds
,,,,09/12/2018,17Z,16.2,90%,1027.4 Hpa,240º (SW),9.4,-,-,-,-,-,-,-,-
,,,,09/12/2018,16Z,17.6,84%,1027.3 Hpa,220º (SW),11.2,-,-,-,-,-,-,-,-
,,,,09/12/2018,15Z,17.9,81%,1027.2 Hpa,210º (SW),11.2,2/8,1/8 CU,-,CI,-,-,-,Few clouds
,,,,09/12/2018,14Z,18.1,78%,1027.4 Hpa,220º (SW),14.8,-,-,-,-,-,-,-,-
,,,,09/12/2018,13Z,18.2,78%,1028.2 Hpa,210º (SW),14.8,-,-,-,-,-,-,-,-
,,,,09/12/2018,12Z,17.4,75%,1029.0 Hpa,200º (S),7.6,4/8,-,-,CI,-,-,-,Scattered clouds
,,,,09/12/2018,11Z,17.9,71%,1029.7 Hpa,210º (SW),11.2,-,-,-,-,-,-,-,-
,,,,09/12/2018,10Z,17.7,63%,1030.0 Hpa,230º (SW),9.4,-,-,-,-,-,-,-,-
,,,,09/12/2018,09Z,15.0,56%,1029.8 Hpa,320º (NW),14.8,4/8,-,-,CI,-,-,-,Scattered clouds
,,,,09/12/2018,08Z,12.3,68%,1029.6 Hpa,320º (NW),18.4,-,-,-,-,-,-,-,-
,,,,09/12/2018,07Z,11.2,72%,1029.8 Hpa,330º (NW),18.4,-,-,-,-,-,-,-,-
,,,,09/12/2018,06Z,10.9,81%,1029.4 Hpa,340º (N),14.8,1/8,1/8 CU,-,-,-,-,10.2,Few clouds
,,,,09/12/2018,05Z,10.5,84%,1028.9 Hpa,50º (NE),7.6,-,-,-,-,-,-,-,-
,,,,09/12/2018,04Z,11.7,81%,1029.0 Hpa,330º (NW),13.0,-,-,-,-,-,-,-,-
,,,,09/12/2018,03Z,12.4,80%,1029.1 Hpa,330º (NW),16.6,-,-,-,-,-,-,-,-
,,,,09/12/2018,02Z,12.4,80%,1029.0 Hpa,330º (NW),16.6,-,-,-,-,-,-,-,-
,,,,09/12/2018,01Z,12.4,79%,1029.0 Hpa,340º (N),14.8,-,-,-,-,-,-,-,-
,,,,09/12/2018,00Z,12.3,83%,1029.4 Hpa,350º (N),9.4,-,-,-,-,-,-,-,-
,,,,08/12/2018,23Z,13.2,80%,1029.5 Hpa,330º (NW),13.0,-,-,-,-,-,-,-,-
,,,,08/12/2018,22Z,13.8,77%,1029.3 Hpa,330º (NW),14.8,-,-,-,-,-,-,-,-
,,,,08/12/2018,21Z,12.5,84%,1029.2 Hpa,50º (NE),5.4,0/8,-,-,-,-,-,-,Clear
,,,,08/12/2018,20Z,14.0,77%,1028.8 Hpa,70º (E),14.8,-,-,-,-,-,-,-,-
,,,,08/12/2018,19Z,14.6,75%,1028.4 Hpa,30º (NE),11.2,-,-,-,-,-,-,-,-
,,,,08/12/2018,18Z,14.5,90%,1027.7 Hpa,340º (N),9.4,0/8,-,-,-,-,18.9,-,Clear
,,,,08/12/2018,17Z,15.5,85%,1027.3 Hpa,330º (NW),3.6,-,-,-,-,-,-,-,-
,,,,08/12/2018,16Z,17.0,81%,1026.8 Hpa,220º (SW),9.4,-,-,-,-,-,-,-,-
,,,,08/12/2018,15Z,18.5,74%,1026.6 Hpa,170º (S),13.0,7/8,-,1/8 AC,CI/CS,-,-,-,Cloudy
,,,,08/12/2018,14Z,18.1,76%,1026.5 Hpa,230º (SW),16.6,-,-,-,-,-,-,-,-
,,,,08/12/2018,13Z,17.3,75%,1026.8 Hpa,200º (S),7.6,-,-,-,-,-,-,-,-
,,,,08/12/2018,12Z,18.3,67%,1027.1 Hpa,200º (S),9.4,5/8,-,-,CI,-,-,-,Cloudy
,,,,08/12/2018,11Z,18.0,65%,1027.6 Hpa,180º (S),7.6,-,-,-,-,-,-,-,-
,,,,08/12/2018,10Z,16.1,67%,1027.8 Hpa,60º (NE),11.2,-,-,-,-,-,-,-,-
,,,,08/12/2018,09Z,13.4,87%,1027.2 Hpa,10º (N),13.0,2/8,1/8 ST,-,CI,-,-,-,"Few clouds, mist"
,,,,08/12/2018,08Z,12.6,93%,1026.9 Hpa,350º (N),7.6,-,-,-,-,-,-,-,-
,,,,08/12/2018,07Z,12.4,96%,1026.4 Hpa,330º (NW),9.4,-,-,-,-,-,-,-,-
,,,,08/12/2018,06Z,12.3,96%,1025.5 Hpa,290º (W),5.4,8/8,8/8 ST,-,-,-,-,10.4,"Overcast, mist"
,,,,08/12/2018,05Z,11.7,96%,1025.3 Hpa,10º (N),9.4,-,-,-,-,-,-,-,-
,,,,08/12/2018,04Z,12.1,98%,1025.2 Hpa,350º (N),7.6,-,-,-,-,-,-,-,-
,,,,08/12/2018,03Z,12.2,98%,1025.5 Hpa,290º (W),5.4,-,-,-,-,-,-,-,-
,,,,08/12/2018,02Z,12.6,98%,1025.7 Hpa,300º (NW),3.6,-,-,-,-,-,-,-,-
,,,,08/12/2018,01Z,11.9,96%,1025.4 Hpa,350º (N),5.4,-,-,-,-,-,-,-,-
,,,,08/12/2018,00Z,10.7,96%,1025.8 Hpa,350º (N),9.4,-,-,-,-,-,-,-,-
,,,,07/12/2018,23Z,11.7,98%,1026.3 Hpa,260º (W),5.4,-,-,-,-,-,-,-,-
,,,,07/12/2018,22Z,10.9,96%,1026.2 Hpa,10º (N),5.4,-,-,-,-,-,-,-,-
,,,,07/12/2018,21Z,11.9,96%,1026.4 Hpa,250º (W),1.8,1/8,1/8 ST,-,-,-,-,-,"Few clouds, mist"
,,,,07/12/2018,20Z,11.8,96%,1026.7 Hpa,290º (W),9.4,-,-,-,-,-,-,-,-
,,,,07/12/2018,19Z,13.2,94%,1026.3 Hpa,250º (W),13.0,-,-,-,-,-,-,-,-
,,,,07/12/2018,18Z,14.6,90%,1026.2 Hpa,240º (SW),13.0,2/8,2/8 ST,-,-,-,17.9,-,"Few clouds, mist"
,,,,07/12/2018,17Z,15.3,87%,1026.4 Hpa,220º (SW),14.8,-,-,-,-,-,-,-,-
,,,,07/12/2018,16Z,16.3,80%,1026.1 Hpa,210º (SW),13.0,-,-,-,-,-,-,-,-
,,,,07/12/2018,15Z,17.2,78%,1025.7 Hpa,210º (SW),16.6,1/8,1/8 CU,-,-,-,-,-,Few clouds
,,,,07/12/2018,14Z,17.6,75%,1025.9 Hpa,210º (SW),16.6,-,-,-,-,-,-,-,-
,,,,07/12/2018,13Z,17.4,75%,1026.3 Hpa,220º (SW),14.8,-,-,-,-,-,-,-,-
,,,,07/12/2018,12Z,17.4,76%,1027.2 Hpa,220º (SW),14.8,1/8,1/8 CU,-,-,-,-,-,Few clouds
,,,,07/12/2018,11Z,17.9,75%,1027.8 Hpa,210º (SW),11.2,-,-,-,-,-,-,-,-
,,,,07/12/2018,10Z,17.5,68%,1028.2 Hpa,280º (W),5.4,-,-,-,-,-,-,-,-
,,,,07/12/2018,09Z,14.2,61%,1027.9 Hpa,320º (NW),14.8,1/8,1/8 ST,-,-,-,-,-,Few clouds
,,,,07/12/2018,08Z,11.2,94%,1027.5 Hpa,320º (NW),9.4,-,-,-,-,-,-,-,-
,,,,07/12/2018,07Z,10.0,89%,1027.1 Hpa,340º (N),7.6,-,-,-,-,-,-,-,-
,,,,07/12/2018,06Z,10.5,75%,1026.7 Hpa,350º (N),13.0,2/8,2/8 ST,-,-,-,-,9.5,Few clouds
,,,,07/12/2018,05Z,9.7,90%,1026.3 Hpa,330º (NW),7.6,-,-,-,-,-,-,-,-
,,,,07/12/2018,04Z,10.3,86%,1026.1 Hpa,360º (N),7.6,-,-,-,-,-,-,-,-
,,,,07/12/2018,03Z,9.8,89%,1026.5 Hpa,340º (N),5.4,-,-,-,-,-,-,-,-
,,,,07/12/2018,02Z,11.2,82%,1026.5 Hpa,20º (N),3.6,-,-,-,-,-,-,-,-
,,,,07/12/2018,01Z,12.7,78%,1026.5 Hpa,320º (NW),11.2,-,-,-,-,-,-,-,-
,,,,07/12/2018,00Z,11.8,81%,1026.8 Hpa,330º (NW),7.6,-,-,-,-,-,-,-,-
,,,,06/12/2018,23Z,11.7,85%,1027.1 Hpa,290º (W),3.6,-,-,-,-,-,-,-,-
,,,,06/12/2018,22Z,12.2,85%,1026.9 Hpa,20º (N),5.4,-,-,-,-,-,-,-,-
,,,,06/12/2018,21Z,12.8,83%,1026.8 Hpa,350º (N),5.4,0/8,-,-,-,-,-,-,Clear
,,,,06/12/2018,20Z,11.8,89%,1026.6 Hpa,30º (NE),3.6,-,-,-,-,-,-,-,-
,,,,06/12/2018,19Z,12.6,94%,1026.5 Hpa,360º (N),3.6,-,-,-,-,-,-,-,-
,,,,06/12/2018,18Z,14.0,94%,1025.9 Hpa,280º (W),5.4,0/8,-,-,-,-,17.8,-,Clear
,,,,06/12/2018,17Z,16.3,86%,1025.6 Hpa,0º (N),0.0,-,-,-,-,-,-,-,-
,,,,06/12/2018,16Z,17.4,83%,1025.3 Hpa,200º (S),5.4,-,-,-,-,-,-,-,-
,,,,06/12/2018,15Z,17.7,81%,1025.0 Hpa,190º (S),7.6,0/8,-,-,-,-,-,-,Clear
,,,,06/12/2018,14Z,17.5,81%,1025.3 Hpa,200º (S),7.6,-,-,-,-,-,-,-,-
,,,,06/12/2018,13Z,17.2,82%,1025.8 Hpa,200º (S),11.2,-,-,-,-,-,-,-,-
,,,,06/12/2018,12Z,16.7,83%,1026.5 Hpa,200º (S),9.4,1/8,1/8 ST,-,-,-,-,-,Few clouds
,,,,06/12/2018,11Z,15.7,85%,1027.3 Hpa,230º (SW),7.6,-,-,-,-,-,-,-,-
,,,,06/12/2018,10Z,13.9,100%,1027.8 Hpa,270º (W),5.4,-,-,-,-,-,-,-,-
,,,,06/12/2018,09Z,13.0,100%,1027.2 Hpa,30º (NE),5.4,-,-,-,-,-,-,-,Fog
,,,,06/12/2018,08Z,12.0,99%,1026.7 Hpa,10º (N),3.6,-,-,-,-,-,-,-,-
,,,,06/12/2018,07Z,9.4,84%,1026.0 Hpa,280º (W),5.4,-,-,-,-,-,-,-,-
,,,,06/12/2018,06Z,9.7,87%,1025.6 Hpa,300º (NW),7.6,1/8,1/8 CU,-,-,-,-,9.3,Few clouds
,,,,06/12/2018,05Z,9.7,84%,1025.2 Hpa,360º (N),7.6,-,-,-,-,-,-,-,-
,,,,06/12/2018,04Z,10.3,89%,1025.1 Hpa,10º (N),5.4,-,-,-,-,-,-,-,-
,,,,06/12/2018,03Z,10.1,85%,1025.2 Hpa,350º (N),7.6,-,-,-,-,-,-,-,-
,,,,06/12/2018,02Z,10.2,87%,1025.1 Hpa,0º (N),0.0,-,-,-,-,-,-,-,-
,,,,06/12/2018,01Z,10.7,83%,1025.1 Hpa,280º (W),3.6,-,-,-,-,-,-,-,-
,,,,06/12/2018,00Z,11.4,91%,1025.6 Hpa,350º (N),7.6,-,-,-,-,-,-,-,-
,,,,05/12/2018,23Z,11.6,91%,1025.8 Hpa,360º (N),3.6,-,-,-,-,-,-,-,-
,,,,05/12/2018,22Z,12.3,89%,1026.0 Hpa,360º (N),7.6,-,-,-,-,-,-,-,-
,,,,05/12/2018,21Z,12.9,88%,1026.1 Hpa,10º (N),3.6,2/8,2/8 ST,-,-,-,-,-,Few clouds
,,,,05/12/2018,20Z,13.2,90%,1026.0 Hpa,330º (NW),5.4,-,-,-,-,-,-,-,-
,,,,05/12/2018,19Z,13.9,91%,1025.7 Hpa,330º (NW),5.4,-,-,-,-,-,-,-,-
,,,,05/12/2018,18Z,15.5,87%,1025.1 Hpa,290º (W),3.6,2/8,1/8 ST,-,CI,-,21.1,-,Few clouds
,,,,05/12/2018,17Z,16.5,85%,1024.7 Hpa,250º (W),13.0,-,-,-,-,-,-,-,-
,,,,05/12/2018,16Z,18.6,76%,1023.9 Hpa,250º (W),14.8,-,-,-,-,-,-,-,-
,,,,05/12/2018,15Z,18.9,79%,1023.7 Hpa,220º (SW),11.2,1/8,1/8 ST,-,CI,-,-,-,Few clouds
,,,,05/12/2018,14Z,19.1,78%,1024.0 Hpa,200º (S),9.4,-,-,-,-,-,-,-,-
,,,,05/12/2018,13Z,19.1,76%,1024.5 Hpa,200º (S),7.6,-,-,-,-,-,-,-,-
,,,,05/12/2018,12Z,19.5,71%,1024.9 Hpa,200º (S),14.8,1/8,-,-,CI,-,-,-,Few clouds
,,,,05/12/2018,11Z,19.7,58%,1025.6 Hpa,210º (SW),9.4,-,-,-,-,-,-,-,-
,,,,05/12/2018,10Z,20.7,54%,1025.9 Hpa,170º (S),3.6,-,-,-,-,-,-,-,-
,,,,05/12/2018,09Z,18.3,53%,1025.3 Hpa,350º (N),5.4,2/8,-,-,CI,-,-,-,Few clouds
,,,,05/12/2018,08Z,13.5,74%,1024.9 Hpa,330º (NW),9.4,-,-,-,-,-,-,-,-
,,,,05/12/2018,07Z,11.2,81%,1024.5 Hpa,0º (N),0.0,-,-,-,-,-,-,-,-
,,,,05/12/2018,06Z,12.2,78%,1024.2 Hpa,20º (N),3.6,1/8,1/8 ST,-,-,-,-,10.9,Few clouds
,,,,05/12/2018,05Z,13.9,64%,1023.8 Hpa,330º (NW),14.8,-,-,-,-,-,-,-,-
,,,,05/12/2018,04Z,12.9,72%,1023.8 Hpa,330º (NW),13.0,-,-,-,-,-,-,-,-
,,,,05/12/2018,03Z,13.2,72%,1023.6 Hpa,330º (NW),13.0,-,-,-,-,-,-,-,-
,,,,05/12/2018,02Z,12.6,75%,1023.7 Hpa,360º (N),7.6,-,-,-,-,-,-,-,-
,,,,05/12/2018,01Z,13.0,75%,1023.8 Hpa,340º (N),13.0,-,-,-,-,-,-,-,-
,,,,05/12/2018,00Z,12.4,80%,1024.3 Hpa,360º (N),7.6,-,-,-,-,-,-,-,-
,,,,04/12/2018,23Z,12.5,81%,1024.4 Hpa,350º (N),1.8,-,-,-,-,-,-,-,-
,,,,04/12/2018,22Z,13.2,83%,1024.1 Hpa,350º (N),5.4,-,-,-,-,-,-,-,-
,,,,04/12/2018,21Z,13.4,82%,1024.0 Hpa,270º (W),3.6,1/8,-,-,CI,-,-,-,Few clouds
,,,,04/12/2018,20Z,14.8,78%,1023.6 Hpa,0º (N),0.0,-,-,-,-,-,-,-,-
,,,,04/12/2018,19Z,16.0,73%,1023.2 Hpa,10º (N),11.2,-,-,-,-,-,-,-,-
,,,,04/12/2018,18Z,16.9,77%,1023.0 Hpa,60º (NE),7.6,1/8,-,-,CI,-,21.9,-,Few clouds
,,,,04/12/2018,17Z,17.9,82%,1022.6 Hpa,260º (W),3.6,-,-,-,-,-,-,-,-
,,,,04/12/2018,16Z,19.5,81%,1022.5 Hpa,220º (SW),9.4,-,-,-,-,-,-,-,-
,,,,04/12/2018,15Z,20.2,74%,1022.3 Hpa,220º (SW),11.2,1/8,-,-,CI,-,-,-,Few clouds
,,,,04/12/2018,14Z,20.2,74%,1022.3 Hpa,230º (SW),11.2,-,-,-,-,-,-,-,-
,,,,04/12/2018,13Z,19.7,76%,1022.7 Hpa,220º (SW),11.2,-,-,-,-,-,-,-,-
,,,,04/12/2018,12Z,20.0,76%,1023.2 Hpa,210º (SW),13.0,0/8,-,-,-,-,-,-,Clear
,,,,04/12/2018,11Z,21.4,57%,1023.6 Hpa,170º (S),7.6,-,-,-,-,-,-,-,-
,,,,04/12/2018,10Z,21.5,53%,1024.0 Hpa,110º (E),3.6,-,-,-,-,-,-,-,-
,,,,04/12/2018,09Z,19.3,51%,1023.6 Hpa,0º (N),0.0,1/8,-,-,CI,-,-,-,Few clouds
,,,,04/12/2018,08Z,14.0,70%,1022.9 Hpa,330º (NW),5.4,-,-,-,-,-,-,-,-
,,,,04/12/2018,07Z,12.5,76%,1022.6 Hpa,10º (N),5.4,-,-,-,-,-,-,-,-
,,,,04/12/2018,06Z,14.8,60%,1021.9 Hpa,60º (NE),3.6,1/8,1/8 ST,-,-,-,-,12.9,Few clouds
,,,,04/12/2018,05Z,17.1,52%,1021.4 Hpa,20º (N),13.0,-,-,-,-,-,-,-,-
,,,,04/12/2018,04Z,16.3,56%,1021.4 Hpa,350º (N),16.6,-,-,-,-,-,-,-,-
,,,,04/12/2018,03Z,15.8,61%,1021.6 Hpa,340º (N),18.4,-,-,-,-,-,-,-,-
,,,,04/12/2018,02Z,14.5,70%,1022.1 Hpa,330º (NW),14.8,-,-,-,-,-,-,-,-
,,,,04/12/2018,01Z,15.3,68%,1022.1 Hpa,70º (E),3.6,-,-,-,-,-,-,-,-
,,,,04/12/2018,00Z,14.6,76%,1022.3 Hpa,360º (N),9.4,-,-,-,-,-,-,-,-
,,,,03/12/2018,23Z,14.2,81%,1022.7 Hpa,20º (N),3.6,-,-,-,-,-,-,-,-
,,,,03/12/2018,22Z,13.6,88%,1022.9 Hpa,350º (N),9.4,-,-,-,-,-,-,-,-
,,,,03/12/2018,21Z,13.2,94%,1022.7 Hpa,330º (NW),11.2,0/8,-,-,-,-,-,-,Clear
,,,,03/12/2018,20Z,14.4,93%,1022.4 Hpa,100º (E),1.8,-,-,-,-,-,-,-,-
,,,,03/12/2018,19Z,14.2,94%,1021.8 Hpa,20º (N),5.4,-,-,-,-,-,-,-,-
,,,,03/12/2018,18Z,15.2,96%,1021.3 Hpa,350º (N),5.4,2/8,-,-,CI,-,19.1,-,Few clouds
,,,,03/12/2018,17Z,16.7,90%,1020.7 Hpa,220º (SW),3.6,-,-,-,-,-,-,-,-
,,,,03/12/2018,16Z,18.3,83%,1020.6 Hpa,190º (S),5.4,-,-,-,-,-,-,-,-
,,,,03/12/2018,15Z,18.7,81%,1020.4 Hpa,180º (S),9.4,2/8,-,-,CI,-,-,-,Few clouds
,,,,03/12/2018,14Z,18.9,77%,1020.4 Hpa,180º (S),9.4,-,-,-,-,-,-,-,-
,,,,03/12/2018,13Z,18.1,76%,1020.9 Hpa,180º (S),7.6,-,-,-,-,-,-,-,-
,,,,03/12/2018,12Z,18.4,76%,1021.4 Hpa,200º (S),9.4,4/8,-,-,CI,-,-,-,Scattered clouds
,,,,03/12/2018,11Z,18.1,78%,1022.2 Hpa,200º (S),7.6,-,-,-,-,-,-,-,-
,,,,03/12/2018,10Z,17.4,72%,1022.7 Hpa,190º (S),5.4,-,-,-,-,-,-,-,-
,,,,03/12/2018,09Z,16.1,73%,1022.2 Hpa,200º (S),3.6,2/8,-,-,CI,-,-,-,Few clouds
,,,,03/12/2018,08Z,12.1,86%,1022.1 Hpa,340º (N),5.4,-,-,-,-,-,-,-,-
,,,,03/12/2018,07Z,10.4,89%,1022.1 Hpa,20º (N),3.6,-,-,-,-,-,-,-,-
,,,,03/12/2018,06Z,9.2,92%,1021.9 Hpa,0º (N),0.0,0/8,-,-,-,-,-,9.2,Clear
,,,,03/12/2018,05Z,10.2,91%,1021.6 Hpa,0º (N),0.0,-,-,-,-,-,-,-,-
,,,,03/12/2018,04Z,10.9,89%,1021.7 Hpa,340º (N),7.6,-,-,-,-,-,-,-,-
,,,,03/12/2018,03Z,10.7,94%,1022.0 Hpa,350º (N),3.6,-,-,-,-,-,-,-,-
,,,,03/12/2018,02Z,10.8,94%,1022.2 Hpa,360º (N),3.6,-,-,-,-,-,-,-,-
,,,,03/12/2018,01Z,11.2,94%,1022.2 Hpa,330º (NW),13.0,-,-,-,-,-,-,-,-
,,,,03/12/2018,00Z,11.6,94%,1022.8 Hpa,350º (N),7.6,-,-,-,-,-,-,-,-
,,,,02/12/2018,23Z,12.2,92%,1023.3 Hpa,10º (N),9.4,-,-,-,-,-,-,-,-
,,,,02/12/2018,22Z,12.5,94%,1023.4 Hpa,50º (NE),11.2,-,-,-,-,-,-,-,-
,,,,02/12/2018,21Z,12.5,89%,1023.0 Hpa,10º (N),7.6,1/8,1/8 SC,-,-,-,-,-,Few clouds
,,,,02/12/2018,20Z,13.0,90%,1022.8 Hpa,10º (N),7.6,-,-,-,-,-,-,-,-
,,,,02/12/2018,19Z,13.4,90%,1022.5 Hpa,360º (N),7.6,-,-,-,-,-,-,-,-
,,,,02/12/2018,18Z,14.5,86%,1021.9 Hpa,340º (N),3.6,2/8,-,-,CI/CS,-,18.8,-,Few clouds
,,,,02/12/2018,17Z,16.3,85%,1021.7 Hpa,240º (SW),11.2,-,-,-,-,-,-,-,-
,,,,02/12/2018,16Z,17.3,81%,1021.7 Hpa,220º (SW),14.8,-,-,-,-,-,-,-,-
,,,,02/12/2018,15Z,18.1,77%,1021.3 Hpa,210º (SW),14.8,7/8,-,1/8 AC,CI/CS,-,-,-,Cloudy
,,,,02/12/2018,14Z,18.5,72%,1021.5 Hpa,210º (SW),16.6,-,-,-,-,-,-,-,-
,,,,02/12/2018,13Z,18.6,72%,1022.2 Hpa,210º (SW),14.8,-,-,-,-,-,-,-,-
,,,,02/12/2018,12Z,18.4,71%,1023.1 Hpa,170º (S),9.4,3/8,1/8 SC,-,CI,-,-,-,Scattered clouds
,,,,02/12/2018,11Z,17.5,68%,1023.7 Hpa,170º (S),7.6,-,-,-,-,-,-,-,-
,,,,02/12/2018,10Z,17.2,67%,1024.3 Hpa,180º (S),3.6,-,-,-,-,-,-,-,-
,,,,02/12/2018,09Z,14.4,76%,1024.0 Hpa,0º (N),0.0,6/8,1/8 CU/ST,AC,CI/CS,-,-,-,Cloudy
,,,,02/12/2018,08Z,11.6,85%,1023.6 Hpa,340º (N),9.4,-,-,-,-,-,-,-,-
,,,,02/12/2018,07Z,11.3,81%,1023.3 Hpa,330º (NW),9.4,-,-,-,-,-,-,-,-
,,,,02/12/2018,06Z,11.4,84%,1023.0 Hpa,330º (NW),13.0,3/8,-,-,CI,-,-,9.8,Scattered clouds
,,,,02/12/2018,05Z,10.7,92%,1022.9 Hpa,300º (NW),7.6,-,-,-,-,-,-,-,-
,,,,02/12/2018,04Z,10.6,91%,1022.9 Hpa,20º (N),5.4,-,-,-,-,-,-,-,-
,,,,02/12/2018,03Z,10.3,92%,1022.9 Hpa,350º (N),9.4,-,-,-,-,-,-,-,-
,,,,02/12/2018,02Z,10.2,92%,1023.1 Hpa,10º (N),5.4,-,-,-,-,-,-,-,-
,,,,02/12/2018,01Z,10.7,89%,1023.0 Hpa,320º (NW),9.4,-,-,-,-,-,-,-,-
,,,,02/12/2018,00Z,11.2,88%,1023.0 Hpa,340º (N),11.2,-,-,-,-,-,-,-,-
,,,,01/12/2018,23Z,11.9,85%,1023.2 Hpa,340º (N),9.4,-,-,-,-,-,-,-,-
,,,,01/12/2018,22Z,12.5,83%,1023.7 Hpa,330º (NW),13.0,-,-,-,-,-,-,-,-
,,,,01/12/2018,21Z,12.4,84%,1023.5 Hpa,320º (NW),11.2,2/8,-,-,CI,-,-,-,Few clouds
,,,,01/12/2018,20Z,12.0,89%,1023.4 Hpa,310º (NW),5.4,-,-,-,-,-,-,-,-
,,,,01/12/2018,19Z,14.1,82%,1023.0 Hpa,270º (W),7.6,-,-,-,-,-,-,-,-
,,,,01/12/2018,18Z,14.8,79%,1022.9 Hpa,250º (W),11.2,2/8,-,1/8 AC,CI,-,19.0,-,Few clouds
,,,,01/12/2018,17Z,15.9,73%,1023.0 Hpa,220º (SW),9.4,-,-,-,-,-,-,-,-
,,,,01/12/2018,16Z,16.7,70%,1023.0 Hpa,210º (SW),11.2,-,-,-,-,-,-,-,-
,,,,01/12/2018,15Z,18.2,61%,1022.4 Hpa,200º (S),14.8,3/8,-,-,CI,-,-,-,Scattered clouds
,,,,01/12/2018,14Z,18.6,58%,1022.3 Hpa,190º (S),13.0,-,-,-,-,-,-,-,-
,,,,01/12/2018,13Z,18.6,54%,1022.9 Hpa,200º (S),9.4,-,-,-,-,-,-,-,-
,,,,01/12/2018,12Z,18.4,48%,1023.6 Hpa,190º (S),9.4,2/8,-,-,CI,-,-,-,Few clouds
,,,,01/12/2018,11Z,18.5,45%,1024.5 Hpa,200º (S),5.4,-,-,-,-,-,-,-,-
,,,,01/12/2018,10Z,17.1,42%,1024.6 Hpa,320º (NW),7.6,-,-,-,-,-,-,-,-
,,,,01/12/2018,09Z,13.4,51%,1024.6 Hpa,360º (N),13.0,3/8,-,2/8 AC,CI,-,-,-,Scattered clouds
,,,,01/12/2018,08Z,11.9,54%,1023.9 Hpa,30º (NE),13.0,-,-,-,-,-,-,-,-
,,,,01/12/2018,07Z,11.3,56%,1023.0 Hpa,330º (NW),24.1,-,-,-,-,-,-,-,-
,,,,01/12/2018,06Z,11.4,57%,1022.6 Hpa,320º (NW),25.9,6/8,1/8 CU,AC,CI,-,-,10.7,Cloudy
,,,,01/12/2018,05Z,10.8,58%,1022.3 Hpa,320º (NW),25.9,-,-,-,-,-,-,-,-
,,,,01/12/2018,04Z,11.2,55%,1021.9 Hpa,330º (NW),22.3,-,-,-,-,-,-,-,-
,,,,01/12/2018,03Z,12.1,56%,1022.1 Hpa,320º (NW),20.5,-,-,-,-,-,-,-,-
,,,,01/12/2018,02Z,12.1,55%,1022.7 Hpa,330º (NW),18.4,-,-,-,-,-,-,-,-
,,,,01/12/2018,01Z,11.8,56%,1022.6 Hpa,330º (NW),14.8,-,-,-,-,-,-,-,-
,,,,01/12/2018,00Z,11.8,61%,1022.5 Hpa,330º (NW),13.0,-,-,-,-,-,-,-,-
