"location","WMO-index","latitude","longitude","Date","UTC time","Temp. (ºC)","Rel. Hum. (%)","Pressure/ Geopot.","Wind dir","Wins speed (Km/h)","Clouds","Low clouds","Medium clouds","High clouds","Prec. (mm)","Max temp. (ºC)","Min temp. (ºC)","Conditions"
"BADAJOZ/TALAVERA LA REAL (SPAIN) ","08330","38.53 ","-06.49","13/02/2019","23Z","8.7","83%","1028.1 Hpa","110º (E)","3.6","-","-","-","-","-","-","-","-"
,,,,"13/02/2019","22Z","10.2","78%","1027.9 Hpa","80º (E)","3.6","-","-","-","-","-","-","-","-"
,,,,"13/02/2019","21Z","11.6","72%","1027.4 Hpa","110º (E)","5.4","-","-","-","-","-","-","-","-"
,,,,"13/02/2019","20Z","12.8","67%","1027.1 Hpa","110º (E)","3.6","-","-","-","-","-","-","-","-"
,,,,"13/02/2019","19Z","13.9","63%","1027.0 Hpa","90º (E)","7.6","-","-","-","-","-","-","-","-"
,,,,"13/02/2019","18Z","15.8","57%","1026.6 Hpa","80º (E)","11.2","0/8","-","-","-","-","19.6","-","Clear"
,,,,"13/02/2019","17Z","18.3","47%","1026.4 Hpa","100º (E)","14.8","-","-","-","-","-","-","-","-"
,,,,"13/02/2019","16Z","19.2","42%","1026.4 Hpa","80º (E)","18.4","-","-","-","-","-","-","-","-"
,,,,"13/02/2019","15Z","19.6","39%","1026.7 Hpa","100º (E)","16.6","-","-","-","-","-","-","-","-"
,,,,"13/02/2019","14Z","18.4","49%","1027.2 Hpa","60º (NE)","11.2","-","-","-","-","-","-","-","-"
,,,,"13/02/2019","13Z","17.9","50%","1028.1 Hpa","90º (E)","11.2","-","-","-","-","-","-","-","-"
,,,,"13/02/2019","12Z","16.3","54%","1029.3 Hpa","80º (E)","9.4","0/8","-","-","-","-","-","-","Clear"
,,,,"13/02/2019","11Z","14.7","62%","1029.9 Hpa","90º (E)","9.4","-","-","-","-","-","-","-","-"
,,,,"13/02/2019","10Z","11.3","75%","1030.3 Hpa","100º (E)","9.4","-","-","-","-","-","-","-","-"
,,,,"13/02/2019","09Z","7.6","87%","1030.7 Hpa","110º (E)","9.4","3/8","-","3/8 AC","-","-","-","-","Scattered clouds"
,,,,"13/02/2019","08Z","4.6","95%","1030.7 Hpa","80º (E)","3.6","-","-","-","-","-","-","-","-"
,,,,"13/02/2019","07Z","4.0","95%","1030.2 Hpa","80º (E)","1.8","-","-","-","-","-","-","-","-"
,,,,"13/02/2019","06Z","3.8","93%","1030.0 Hpa","100º (E)","7.6","3/8","-","2/8 AC","CI/CS","-","-","3.8","Scattered clouds"
,,,,"13/02/2019","05Z","4.5","91%","1029.7 Hpa","50º (NE)","7.6","-","-","-","-","-","-","-","-"
,,,,"13/02/2019","04Z","4.7","91%","1029.7 Hpa","270º (W)","1.8","-","-","-","-","-","-","-","-"
,,,,"13/02/2019","03Z","5.3","88%","1029.9 Hpa","310º (NW)","1.8","-","-","-","-","-","-","-","-"
,,,,"13/02/2019","02Z","5.8","86%","1029.9 Hpa","0º (N)","0.0","-","-","-","-","-","-","-","-"
,,,,"13/02/2019","01Z","6.5","84%","1030.0 Hpa","70º (E)","3.6","-","-","-","-","-","-","-","-"
,,,,"13/02/2019","00Z","7.0","81%","1029.9 Hpa","130º (SE)","1.8","-","-","-","-","-","-","-","-"
,,,,"12/02/2019","23Z","8.0","76%","1029.7 Hpa","100º (E)","5.4","-","-","-","-","-","-","-","-"
,,,,"12/02/2019","22Z","9.2","71%","1029.9 Hpa","70º (E)","7.6","-","-","-","-","-","-","-","-"
,,,,"12/02/2019","21Z","10.6","65%","1029.8 Hpa","0º (N)","0.0","-","-","-","-","-","-","-","-"
,,,,"12/02/2019","20Z","11.5","60%","1029.5 Hpa","100º (E)","3.6","-","-","-","-","-","-","-","-"
,,,,"12/02/2019","19Z","13.1","52%","1029.1 Hpa","40º (NE)","7.6","-","-","-","-","-","-","-","-"
,,,,"12/02/2019","18Z","15.1","48%","1028.5 Hpa","50º (NE)","9.4","0/8","-","-","-","-","18.5","-","Clear"
,,,,"12/02/2019","17Z","17.4","40%","1028.1 Hpa","60º (NE)","11.2","-","-","-","-","-","-","-","-"
,,,,"12/02/2019","16Z","18.4","39%","1027.8 Hpa","60º (NE)","14.8","-","-","-","-","-","-","-","-"
,,,,"12/02/2019","15Z","18.3","42%","1028.1 Hpa","80º (E)","14.8","0/8","-","-","-","-","-","-","Clear"
,,,,"12/02/2019","14Z","17.5","43%","1028.4 Hpa","80º (E)","13.0","-","-","-","-","-","-","-","-"
,,,,"12/02/2019","13Z","16.3","45%","1029.2 Hpa","80º (E)","16.6","-","-","-","-","-","-","-","-"
,,,,"12/02/2019","12Z","14.9","50%","1030.3 Hpa","70º (E)","18.4","0/8","-","-","-","-","-","-","Clear"
,,,,"12/02/2019","11Z","12.8","57%","1030.9 Hpa","90º (E)","18.4","-","-","-","-","-","-","-","-"
,,,,"12/02/2019","10Z","9.8","76%","1031.2 Hpa","70º (E)","13.0","-","-","-","-","-","-","-","-"
,,,,"12/02/2019","09Z","4.9","100%","1031.3 Hpa","60º (NE)","3.6","0/8","-","-","-","-","-","-","Clear"
,,,,"12/02/2019","08Z","2.5","97%","1031.0 Hpa","130º (SE)","1.8","-","-","-","-","-","-","-","-"
,,,,"12/02/2019","07Z","2.9","97%","1030.4 Hpa","100º (E)","3.6","-","-","-","-","-","-","-","-"
,,,,"12/02/2019","06Z","3.0","97%","1030.2 Hpa","180º (S)","1.8","0/8","-","-","-","-","-","3.0","Clear"
,,,,"12/02/2019","05Z","3.2","97%","1029.9 Hpa","270º (W)","1.8","-","-","-","-","-","-","-","-"
,,,,"12/02/2019","04Z","3.7","95%","1029.8 Hpa","100º (E)","1.8","-","-","-","-","-","-","-","-"
,,,,"12/02/2019","03Z","4.3","95%","1029.7 Hpa","90º (E)","5.4","-","-","-","-","-","-","-","-"
,,,,"12/02/2019","02Z","4.8","93%","1030.0 Hpa","60º (NE)","3.6","-","-","-","-","-","-","-","-"
,,,,"12/02/2019","01Z","6.3","93%","1029.9 Hpa","160º (S)","1.8","-","-","-","-","-","-","-","-"
,,,,"12/02/2019","00Z","7.2","92%","1030.0 Hpa","220º (SW)","3.6","-","-","-","-","-","-","-","-"
,,,,"11/02/2019","23Z","8.1","89%","1029.7 Hpa","290º (W)","5.4","-","-","-","-","-","-","-","-"
,,,,"11/02/2019","22Z","8.2","86%","1029.4 Hpa","270º (W)","1.8","-","-","-","-","-","-","-","-"
,,,,"11/02/2019","21Z","9.5","82%","1029.0 Hpa","20º (N)","1.8","-","-","-","-","-","-","-","-"
,,,,"11/02/2019","20Z","10.8","75%","1028.7 Hpa","340º (N)","1.8","-","-","-","-","-","-","-","-"
,,,,"11/02/2019","19Z","11.9","69%","1028.4 Hpa","350º (N)","5.4","-","-","-","-","-","-","-","-"
,,,,"11/02/2019","18Z","13.1","65%","1027.7 Hpa","10º (N)","7.6","0/8","-","-","-","-","16.5","-","Clear"
,,,,"11/02/2019","17Z","14.8","59%","1027.2 Hpa","10º (N)","11.2","-","-","-","-","-","-","-","-"
,,,,"11/02/2019","12Z","13.0","68%","1029.0 Hpa","260º (W)","3.6","1/8","-","1/8 AC","CI","-","-","-","Few clouds"
,,,,"11/02/2019","11Z","10.4","80%","1029.4 Hpa","340º (N)","3.6","-","-","-","-","-","-","-","-"
,,,,"11/02/2019","10Z","7.4","99%","1029.8 Hpa","260º (W)","5.4","-","-","-","-","-","-","-","-"
,,,,"11/02/2019","09Z","5.7","100%","1029.6 Hpa","270º (W )","5.6","N/A "," N/A ","N/A","N/A","-","-","-","fog"
,,,,"11/02/2019","08Z","5.7","99%","1029.1 Hpa","280º (W)","5.4","-","-","-","-","-","-","-","-"
,,,,"11/02/2019","07Z","6.2","99%","1028.3 Hpa","260º (W)","5.4","-","-","-","-","-","-","-","-"
,,,,"11/02/2019","06Z","6.4","97%","1028.0 Hpa","270º (W )","7.4","N/A "," N/A ","N/A","N/A","Tr(12h)","-","6.4","fog"
,,,,"11/02/2019","05Z","7.0","97%","1027.4 Hpa","260º (W)","7.6","-","-","-","-","-","-","-","-"
,,,,"11/02/2019","04Z","7.9","94%","1027.3 Hpa","270º (W)","7.6","-","-","-","-","-","-","-","-"
,,,,"11/02/2019","03Z","8.5","94%","1027.5 Hpa","320º (NW)","11.2","-","-","-","-","-","-","-","-"
,,,,"11/02/2019","02Z","10.4","92%","1027.1 Hpa","280º (W)","5.4","-","-","-","-","-","-","-","-"
,,,,"11/02/2019","01Z","12.1","91%","1026.8 Hpa","280º (W)","16.6","-","-","-","-","-","-","-","-"
,,,,"11/02/2019","00Z","12.9","94%","1026.3 Hpa","240º (SW)","7.6","-","-","-","-","Tr(6h)","-","-","-"
,,,,"10/02/2019","23Z","13.2","94%","1026.7 Hpa","230º (SW)","5.4","-","-","-","-","Tr(1h)","-","-","Drizzle"
,,,,"10/02/2019","22Z","13.3","94%","1026.4 Hpa","220º (SW)","5.4","-","-","-","-","Tr(1h)","-","-","Drizzle or snow grains"
,,,,"10/02/2019","21Z","13.8","87%","1026.1 Hpa","220º (SW)","7.6","-","-","-","-","Tr(3h)","-","-","Drizzle"
,,,,"10/02/2019","20Z","14.5","82%","1025.8 Hpa","240º (SW)","9.4","-","-","-","-","-","-","-","-"
,,,,"10/02/2019","19Z","14.9","78%","1025.7 Hpa","230º (SW)","5.4","-","-","-","-","-","-","-","-"
,,,,"10/02/2019","18Z","15.5","73%","1025.5 Hpa","240º (SW)","9.4","8/8","4/8 CU/ST","AC","N/A","Tr(12h)","17.2","-","Overcast"
,,,,"10/02/2019","17Z","16.0","69%","1025.3 Hpa","240º (SW)","11.2","-","-","-","-","-","-","-","-"
,,,,"10/02/2019","16Z","16.2","68%","1025.0 Hpa","210º (SW)","9.4","-","-","-","-","-","-","-","-"
,,,,"10/02/2019","15Z","16.2","65%","1025.3 Hpa","230º (SW)","9.4","6/8","3/8 CU/ST","AC","CI/CS","-","-","-","Cloudy"
,,,,"10/02/2019","14Z","17.1","62%","1025.5 Hpa","250º (W)","13.0","-","-","-","-","-","-","-","-"
,,,,"10/02/2019","13Z","16.8","63%","1025.9 Hpa","240º (SW)","13.0","-","-","-","-","-","-","-","-"
,,,,"10/02/2019","12Z","15.8","67%","1026.7 Hpa","250º (W)","14.8","7/8","4/8 CU/ST","AC","CI/CS","Tr(6h)","-","-","Cloudy"
,,,,"10/02/2019","11Z","13.6","71%","1026.5 Hpa","220º (SW)","9.4","-","-","-","-","Tr(1h)","-","-","Drizzle or snow grains"
,,,,"10/02/2019","10Z","11.5","82%","1026.8 Hpa","220º (SW)","5.4","-","-","-","-","-","-","-","-"
,,,,"10/02/2019","09Z","9.0","92%","1027.0 Hpa","190º (S)","7.6","7/8","2/8 SC","AC","N/A","-","-","-","Cloudy"
,,,,"10/02/2019","08Z","6.1","97%","1026.6 Hpa","110º (E)","3.6","-","-","-","-","-","-","-","-"
,,,,"10/02/2019","07Z","5.6","97%","1026.1 Hpa","80º (E)","3.6","-","-","-","-","-","-","-","-"
,,,,"10/02/2019","06Z","5.2","97%","1025.4 Hpa","60º (NE)","3.6","8/8","8/8 SC","-","-","-","-","4.4","Overcast"
,,,,"10/02/2019","05Z","4.6","97%","1025.3 Hpa","110º (E)","3.6","-","-","-","-","-","-","-","-"
,,,,"10/02/2019","04Z","4.8","97%","1025.1 Hpa","110º (E)","1.8","-","-","-","-","-","-","-","-"
,,,,"10/02/2019","03Z","5.3","93%","1024.9 Hpa","260º (W)","3.6","-","-","-","-","-","-","-","-"
,,,,"10/02/2019","02Z","6.6","93%","1024.9 Hpa","140º (SE)","1.8","-","-","-","-","-","-","-","-"
,,,,"10/02/2019","01Z","7.4","90%","1025.0 Hpa","90º (E)","3.6","-","-","-","-","-","-","-","-"
,,,,"10/02/2019","00Z","8.2","90%","1024.9 Hpa","310º (NW)","9.4","-","-","-","-","-","-","-","-"
,,,,"09/02/2019","23Z","8.9","86%","1024.7 Hpa","260º (W)","1.8","-","-","-","-","-","-","-","-"
,,,,"09/02/2019","22Z","9.5","84%","1024.7 Hpa","180º (S)","7.6","-","-","-","-","-","-","-","-"
,,,,"09/02/2019","21Z","9.1","83%","1024.4 Hpa","190º (S)","3.6","-","-","-","-","-","-","-","-"
,,,,"09/02/2019","20Z","9.2","83%","1024.2 Hpa","0º (N)","0.0","-","-","-","-","-","-","-","-"
,,,,"09/02/2019","19Z","10.4","78%","1023.7 Hpa","270º (W)","1.8","-","-","-","-","-","-","-","-"
,,,,"09/02/2019","18Z","12.4","71%","1023.0 Hpa","280º (W)","3.6","5/8","1/8 SC","AC","CI/CS","-","14.7","-","Cloudy"
,,,,"09/02/2019","17Z","13.3","68%","1022.9 Hpa","310º (NW)","5.4","-","-","-","-","-","-","-","-"
,,,,"09/02/2019","16Z","14.2","63%","1023.0 Hpa","300º (NW)","7.6","-","-","-","-","-","-","-","-"
,,,,"09/02/2019","15Z","14.6","65%","1023.0 Hpa","20º (N)","7.6","3/8","3/8 SC","-","-","-","-","-","Scattered clouds"
,,,,"09/02/2019","14Z","13.6","68%","1023.8 Hpa","310º (NW)","5.4","-","-","-","-","-","-","-","-"
,,,,"09/02/2019","13Z","13.5","69%","1024.4 Hpa","320º (NW)","3.6","-","-","-","-","-","-","-","-"
,,,,"09/02/2019","12Z","11.7","73%","1025.3 Hpa","310º (NW)","1.8","5/8","1/8 CU","AC","CI/CS","-","-","-","Cloudy"
,,,,"09/02/2019","11Z","8.6","83%","1026.0 Hpa","70º (E)","3.6","-","-","-","-","-","-","-","-"
,,,,"09/02/2019","10Z","5.3","95%","1026.5 Hpa","290º (W)","1.8","-","-","-","-","-","-","-","-"
,,,,"09/02/2019","09Z","1.6","100%","1026.4 Hpa","340º (N)","1.8","4/8","-","2/8 AS","CI/CS","-","-","-","Scattered clouds, mist"
,,,,"09/02/2019","08Z","0.3","97%","1026.2 Hpa","270º (W)","1.8","-","-","-","-","-","-","-","-"
,,,,"09/02/2019","07Z","0.7","97%","1025.5 Hpa","0º (N)","0.0","-","-","-","-","-","-","-","-"
,,,,"09/02/2019","06Z","1.2","97%","1025.2 Hpa","50º (NE)","1.8","0/8","-","-","-","-","-","1.2","Clear"
,,,,"09/02/2019","05Z","1.5","95%","1025.1 Hpa","0º (N)","0.0","-","-","-","-","-","-","-","-"
,,,,"09/02/2019","04Z","2.2","95%","1024.8 Hpa","100º (E)","3.6","-","-","-","-","-","-","-","-"
,,,,"09/02/2019","03Z","3.3","93%","1025.1 Hpa","90º (E)","3.6","-","-","-","-","-","-","-","-"
,,,,"09/02/2019","02Z","4.8","93%","1025.2 Hpa","200º (S)","3.6","-","-","-","-","-","-","-","-"
,,,,"09/02/2019","01Z","5.0","93%","1025.4 Hpa","0º (N)","0.0","-","-","-","-","-","-","-","-"
,,,,"09/02/2019","00Z","5.1","93%","1025.5 Hpa","180º (S)","3.6","-","-","-","-","-","-","-","-"
,,,,"08/02/2019","23Z","6.1","86%","1025.3 Hpa","0º (N)","0.0","-","-","-","-","-","-","-","-"
,,,,"08/02/2019","22Z","7.7","84%","1025.0 Hpa","210º (SW)","5.4","-","-","-","-","-","-","-","-"
,,,,"08/02/2019","21Z","8.3","83%","1024.6 Hpa","220º (SW)","3.6","-","-","-","-","-","-","-","-"
,,,,"08/02/2019","20Z","8.7","82%","1024.4 Hpa","240º (SW)","1.8","-","-","-","-","-","-","-","-"
,,,,"08/02/2019","19Z","9.6","79%","1024.2 Hpa","280º (W)","9.4","-","-","-","-","-","-","-","-"
,,,,"08/02/2019","18Z","11.7","73%","1023.3 Hpa","280º (W)","11.2","5/8","-","3/8 AS","CI/CS","-","15.4","-","Cloudy"
,,,,"08/02/2019","17Z","13.7","68%","1023.1 Hpa","300º (NW)","13.0","-","-","-","-","-","-","-","-"
,,,,"08/02/2019","16Z","15.2","60%","1022.9 Hpa","280º (W)","11.2","-","-","-","-","-","-","-","-"
,,,,"08/02/2019","15Z","14.7","64%","1023.1 Hpa","270º (W)","9.4","2/8","2/8 ST","-","-","-","-","-","Few clouds"
,,,,"08/02/2019","14Z","12.8","74%","1023.8 Hpa","300º (NW)","3.6","-","-","-","-","-","-","-","-"
,,,,"08/02/2019","13Z","10.8","85%","1024.7 Hpa","320º (NW)","3.6","-","-","-","-","-","-","-","-"
,,,,"08/02/2019","12Z","8.4","99%","1025.8 Hpa","270º (W)","7.6","7/8","7/8 ST","-","-","-","-","-","Cloudy"
,,,,"08/02/2019","11Z","6.6","100%","1026.1 Hpa","270º (W)","5.4","-","-","-","-","-","-","-","-"
,,,,"08/02/2019","10Z","5.1","100%","1026.2 Hpa","220º (SW)","1.8","-","-","-","-","-","-","-","-"
,,,,"08/02/2019","09Z","4.1","100%","1026.1 Hpa","280º (W )","1.9","N/A "," N/A ","N/A","N/A","-","-","-","fog"
,,,,"08/02/2019","08Z","3.3","99%","1025.5 Hpa","300º (NW)","1.8","-","-","-","-","-","-","-","-"
,,,,"08/02/2019","07Z","3.5","99%","1025.1 Hpa","330º (NW)","1.8","-","-","-","-","-","-","-","-"
,,,,"08/02/2019","06Z","3.5","99%","1024.9 Hpa","300º (NW)","1.9","N/A "," N/A ","N/A","N/A","-","-","2.4","fog"
,,,,"08/02/2019","05Z","2.7","97%","1024.9 Hpa","260º (W)","1.8","-","-","-","-","-","-","-","-"
,,,,"08/02/2019","04Z","2.7","97%","1024.8 Hpa","180º (S)","1.8","-","-","-","-","-","-","-","-"
,,,,"08/02/2019","03Z","3.3","95%","1024.9 Hpa","10º (N)","1.8","-","-","-","-","-","-","-","-"
,,,,"08/02/2019","02Z","4.7","88%","1024.9 Hpa","290º (W)","3.6","-","-","-","-","-","-","-","-"
,,,,"08/02/2019","01Z","5.5","93%","1025.1 Hpa","150º (SE)","3.6","-","-","-","-","-","-","-","-"
,,,,"08/02/2019","00Z","6.6","88%","1025.0 Hpa","280º (W)","1.8","-","-","-","-","-","-","-","-"
,,,,"07/02/2019","23Z","8.6","83%","1024.9 Hpa","260º (W)","5.4","-","-","-","-","-","-","-","-"
,,,,"07/02/2019","22Z","9.3","78%","1024.7 Hpa","240º (SW)","5.4","-","-","-","-","-","-","-","-"
,,,,"07/02/2019","21Z","10.5","72%","1024.1 Hpa","230º (SW)","5.4","-","-","-","-","-","-","-","-"
,,,,"07/02/2019","20Z","11.3","66%","1023.9 Hpa","220º (SW)","5.4","-","-","-","-","-","-","-","-"
,,,,"07/02/2019","19Z","12.6","61%","1023.6 Hpa","220º (SW)","5.4","-","-","-","-","-","-","-","-"
,,,,"07/02/2019","18Z","14.3","59%","1023.2 Hpa","210º (SW)","3.6","1/8","-","-","CI","-","16.7","-","Few clouds"
,,,,"07/02/2019","17Z","16.0","52%","1023.4 Hpa","270º (W)","5.4","-","-","-","-","-","-","-","-"
,,,,"07/02/2019","16Z","16.6","48%","1023.6 Hpa","270º (W)","5.4","-","-","-","-","-","-","-","-"
,,,,"07/02/2019","15Z","16.1","40%","1023.7 Hpa","190º (S)","5.4","1/8","-","-","CI","-","-","-","Few clouds"
,,,,"07/02/2019","14Z","14.2","52%","1024.5 Hpa","300º (NW)","5.4","-","-","-","-","-","-","-","-"
,,,,"07/02/2019","13Z","11.8","64%","1025.5 Hpa","320º (NW)","7.6","-","-","-","-","-","-","-","-"
,,,,"07/02/2019","12Z","9.0","82%","1026.6 Hpa","310º (NW)","7.6","2/8","1/8 ST","AS","CI","-","-","-","Few clouds"
,,,,"07/02/2019","11Z","6.1","100%","1027.3 Hpa","250º (W)","5.4","-","-","-","-","-","-","-","-"
,,,,"07/02/2019","10Z","5.3","100%","1027.2 Hpa","280º (W)","5.4","-","-","-","-","-","-","-","-"
,,,,"07/02/2019","09Z","4.6","99%","1026.9 Hpa","300º (NW)","7.4","N/A "," N/A ","N/A","N/A","-","-","-","mist"
,,,,"07/02/2019","08Z","2.9","99%","1026.6 Hpa","240º (SW)","1.8","-","-","-","-","-","-","-","-"
,,,,"07/02/2019","07Z","3.3","95%","1026.0 Hpa","280º (W)","7.6","-","-","-","-","-","-","-","-"
,,,,"07/02/2019","06Z","4.2","95%","1025.5 Hpa","230º (SW)","3.6","0/8","-","-","-","-","-","4.0","Clear"
,,,,"07/02/2019","05Z","4.2","95%","1025.4 Hpa","250º (W)","3.6","-","-","-","-","-","-","-","-"
,,,,"07/02/2019","04Z","4.8","86%","1025.4 Hpa","270º (W)","3.6","-","-","-","-","-","-","-","-"
,,,,"07/02/2019","03Z","5.2","93%","1025.6 Hpa","140º (SE)","3.6","-","-","-","-","-","-","-","-"
,,,,"07/02/2019","02Z","5.4","88%","1025.9 Hpa","250º (W)","1.8","-","-","-","-","-","-","-","-"
,,,,"07/02/2019","01Z","6.9","85%","1025.9 Hpa","270º (W)","1.8","-","-","-","-","-","-","-","-"
,,,,"07/02/2019","00Z","6.7","85%","1025.9 Hpa","210º (SW)","3.6","-","-","-","-","-","-","-","-"
,,,,"06/02/2019","23Z","7.8","77%","1025.7 Hpa","20º (N)","1.8","-","-","-","-","-","-","-","-"
,,,,"06/02/2019","22Z","9.1","73%","1025.5 Hpa","230º (SW)","3.6","-","-","-","-","-","-","-","-"
,,,,"06/02/2019","21Z","9.9","72%","1025.2 Hpa","280º (W)","1.8","-","-","-","-","-","-","-","-"
,,,,"06/02/2019","20Z","12.5","61%","1024.7 Hpa","220º (SW)","5.4","-","-","-","-","-","-","-","-"
,,,,"06/02/2019","19Z","13.5","56%","1024.7 Hpa","240º (SW)","3.6","-","-","-","-","-","-","-","-"
,,,,"06/02/2019","18Z","15.2","53%","1024.4 Hpa","280º (W)","3.6","3/8","-","-","CI","-","18.7","-","Scattered clouds"
,,,,"06/02/2019","17Z","17.0","46%","1024.1 Hpa","290º (W)","5.4","-","-","-","-","-","-","-","-"
,,,,"06/02/2019","16Z","17.9","42%","1024.1 Hpa","290º (W)","7.6","-","-","-","-","-","-","-","-"
,,,,"06/02/2019","15Z","18.1","45%","1024.4 Hpa","310º (NW)","5.4","6/8","-","1/8 AC","CI/CS","-","-","-","Cloudy"
,,,,"06/02/2019","14Z","17.4","50%","1024.8 Hpa","50º (NE)","1.8","-","-","-","-","-","-","-","-"
,,,,"06/02/2019","13Z","16.1","54%","1025.7 Hpa","60º (NE)","5.4","-","-","-","-","-","-","-","-"
,,,,"06/02/2019","12Z","13.7","63%","1027.0 Hpa","70º (E)","5.4","1/8","-","1/8 AC","CS","-","-","-","Few clouds"
,,,,"06/02/2019","11Z","10.3","76%","1028.0 Hpa","60º (NE)","5.4","-","-","-","-","-","-","-","-"
,,,,"06/02/2019","10Z","7.0","84%","1028.4 Hpa","90º (E)","5.4","-","-","-","-","-","-","-","-"
,,,,"06/02/2019","09Z","2.7","100%","1029.0 Hpa","360º (N)","1.8","1/8","-","-","CI","-","-","-","Few clouds"
,,,,"06/02/2019","08Z","1.0","97%","1028.6 Hpa","0º (N)","0.0","-","-","-","-","-","-","-","-"
,,,,"06/02/2019","07Z","0.8","97%","1028.4 Hpa","280º (W)","3.6","-","-","-","-","-","-","-","-"
,,,,"06/02/2019","06Z","1.1","97%","1028.0 Hpa","70º (E)","3.6","0/8","-","-","-","-","-","1.1","Clear"
,,,,"06/02/2019","05Z","1.7","97%","1028.1 Hpa","160º (S)","1.8","-","-","-","-","-","-","-","-"
,,,,"06/02/2019","04Z","2.1","95%","1028.1 Hpa","40º (NE)","1.8","-","-","-","-","-","-","-","-"
,,,,"06/02/2019","03Z","2.7","93%","1028.6 Hpa","0º (N)","0.0","-","-","-","-","-","-","-","-"
,,,,"06/02/2019","02Z","3.4","93%","1028.5 Hpa","140º (SE)","3.6","-","-","-","-","-","-","-","-"
,,,,"06/02/2019","01Z","3.9","91%","1028.9 Hpa","240º (SW)","1.8","-","-","-","-","-","-","-","-"
,,,,"06/02/2019","00Z","4.1","88%","1028.9 Hpa","290º (W)","3.6","-","-","-","-","-","-","-","-"
,,,,"05/02/2019","23Z","5.8","86%","1029.0 Hpa","70º (E)","1.8","-","-","-","-","-","-","-","-"
,,,,"05/02/2019","22Z","6.6","81%","1028.8 Hpa","310º (NW)","1.8","-","-","-","-","-","-","-","-"
,,,,"05/02/2019","21Z","8.3","73%","1028.6 Hpa","0º (N)","0.0","-","-","-","-","-","-","-","-"
,,,,"05/02/2019","20Z","11.8","57%","1028.2 Hpa","250º (W)","3.6","-","-","-","-","-","-","-","-"
,,,,"05/02/2019","19Z","12.6","56%","1028.0 Hpa","240º (SW)","3.6","-","-","-","-","-","-","-","-"
,,,,"05/02/2019","18Z","14.6","50%","1027.6 Hpa","250º (W)","1.8","2/8","-","-","CI","-","17.5","-","Few clouds"
,,,,"05/02/2019","17Z","16.6","44%","1027.5 Hpa","50º (NE)","1.8","-","-","-","-","-","-","-","-"
,,,,"05/02/2019","16Z","17.4","40%","1027.6 Hpa","80º (E)","5.4","-","-","-","-","-","-","-","-"
,,,,"05/02/2019","15Z","16.6","44%","1027.9 Hpa","70º (E)","5.4","2/8","-","-","CI","-","-","-","Few clouds"
,,,,"05/02/2019","14Z","15.8","44%","1028.7 Hpa","80º (E)","7.6","-","-","-","-","-","-","-","-"
,,,,"05/02/2019","13Z","13.8","49%","1029.6 Hpa","60º (NE)","7.6","-","-","-","-","-","-","-","-"
,,,,"05/02/2019","12Z","12.1","58%","1030.7 Hpa","70º (E)","9.4","2/8","-","-","CI","-","-","-","Few clouds"
,,,,"05/02/2019","11Z","9.4","69%","1031.4 Hpa","60º (NE)","7.6","-","-","-","-","-","-","-","-"
,,,,"05/02/2019","10Z","6.3","82%","1031.5 Hpa","80º (E)","7.6","-","-","-","-","-","-","-","-"
,,,,"05/02/2019","09Z","1.9","97%","1031.7 Hpa","10º (N)","3.6","1/8","-","-","CI","-","-","-","Few clouds"
,,,,"05/02/2019","08Z","0.0","97%","1031.0 Hpa","70º (E)","1.8","-","-","-","-","-","-","-","-"
,,,,"05/02/2019","07Z","-0.1","97%","1030.5 Hpa","340º (N)","1.8","-","-","-","-","-","-","-","-"
,,,,"05/02/2019","06Z","0.3","97%","1030.3 Hpa","0º (N)","0.0","0/8","-","-","-","-","-","0.2","Clear"
,,,,"04/02/2019","22Z","4.5","85%","1030.6 Hpa","320º (NW)","5.4","-","-","-","-","-","-","-","-"
,,,,"04/02/2019","21Z","5.5","77%","1030.3 Hpa","110º (E)","3.6","-","-","-","-","-","-","-","-"
,,,,"04/02/2019","20Z","7.6","72%","1029.9 Hpa","220º (SW)","3.6","-","-","-","-","-","-","-","-"
,,,,"04/02/2019","19Z","9.1","65%","1029.5 Hpa","200º (S)","5.4","-","-","-","-","-","-","-","-"
,,,,"04/02/2019","18Z","10.7","54%","1029.3 Hpa","270º (W)","1.8","4/8","-","2/8 AS","CI","-","13.2","-","Scattered clouds"
,,,,"04/02/2019","17Z","12.3","44%","1029.1 Hpa","350º (N)","3.6","-","-","-","-","-","-","-","-"
,,,,"04/02/2019","16Z","13.0","42%","1029.1 Hpa","20º (N)","3.6","-","-","-","-","-","-","-","-"
,,,,"04/02/2019","15Z","13.0","40%","1029.2 Hpa","20º (N)","5.4","-","-","-","-","-","-","-","-"
,,,,"04/02/2019","14Z","12.4","46%","1029.8 Hpa","30º (NE)","3.6","-","-","-","-","-","-","-","-"
,,,,"04/02/2019","13Z","11.3","49%","1030.7 Hpa","80º (E)","3.6","-","-","-","-","-","-","-","-"
,,,,"04/02/2019","12Z","9.2","63%","1031.6 Hpa","70º (E)","5.4","1/8","-","-","CI","-","-","-","Few clouds"
,,,,"04/02/2019","11Z","6.1","77%","1032.1 Hpa","50º (NE)","5.4","1/8","-","-","CI","-","-","-","Few clouds"
,,,,"04/02/2019","10Z","2.9","87%","1032.4 Hpa","40º (NE)","3.6","-","-","-","-","-","-","-","-"
,,,,"04/02/2019","09Z","-0.1","97%","1032.3 Hpa","310º (NW)","3.6","-","-","-","-","-","-","-","-"
,,,,"04/02/2019","08Z","-1.4","100%","1032.0 Hpa","110º (E)","1.8","-","-","-","-","-","-","-","-"
,,,,"04/02/2019","07Z","-1.9","95%","1031.5 Hpa","110º (E)","1.8","-","-","-","-","-","-","-","-"
,,,,"04/02/2019","06Z","-1.4","94%","1031.3 Hpa","100º (E)","1.8","0/8","-","-","-","-","-","-1.4","Clear"
,,,,"04/02/2019","05Z","-1.1","94%","1031.2 Hpa","110º (E)","1.8","-","-","-","-","-","-","-","-"
,,,,"04/02/2019","04Z","-0.7","90%","1031.3 Hpa","0º (N)","0.0","-","-","-","-","-","-","-","-"
,,,,"04/02/2019","03Z","0.2","88%","1031.6 Hpa","160º (S)","1.8","-","-","-","-","-","-","-","-"
,,,,"04/02/2019","02Z","1.2","87%","1031.8 Hpa","270º (W)","3.6","-","-","-","-","-","-","-","-"
,,,,"04/02/2019","01Z","1.8","82%","1031.9 Hpa","240º (SW)","5.4","-","-","-","-","-","-","-","-"
,,,,"04/02/2019","00Z","2.4","78%","1031.7 Hpa","140º (SE)","1.8","-","-","-","-","-","-","-","-"
,,,,"03/02/2019","23Z","3.9","69%","1031.4 Hpa","270º (W)","5.4","-","-","-","-","-","-","-","-"
,,,,"03/02/2019","22Z","4.0","71%","1030.8 Hpa","260º (W)","3.6","-","-","-","-","-","-","-","-"
,,,,"03/02/2019","21Z","5.0","69%","1030.1 Hpa","360º (N)","1.8","-","-","-","-","-","-","-","-"
,,,,"03/02/2019","20Z","6.6","64%","1029.9 Hpa","270º (W)","1.8","-","-","-","-","-","-","-","-"
,,,,"03/02/2019","19Z","7.8","56%","1029.3 Hpa","310º (NW)","9.4","-","-","-","-","-","-","-","-"
,,,,"03/02/2019","18Z","9.2","52%","1028.8 Hpa","10º (N)","5.4","0/8","-","-","-","-","12.6","-","Clear"
,,,,"03/02/2019","17Z","11.3","40%","1028.0 Hpa","20º (N)","11.2","-","-","-","-","-","-","-","-"
,,,,"03/02/2019","16Z","12.5","36%","1027.8 Hpa","40º (NE)","13.0","-","-","-","-","-","-","-","-"
,,,,"03/02/2019","15Z","12.3","36%","1027.8 Hpa","10º (N)","14.8","0/8","-","-","-","-","-","-","Clear"
,,,,"03/02/2019","14Z","11.9","42%","1027.9 Hpa","40º (NE)","13.0","-","-","-","-","-","-","-","-"
,,,,"03/02/2019","13Z","11.3","47%","1028.2 Hpa","10º (N)","14.8","-","-","-","-","-","-","-","-"
,,,,"03/02/2019","12Z","10.7","48%","1028.8 Hpa","20º (N)","13.0","1/8","-","-","CI","-","-","-","Few clouds"
,,,,"03/02/2019","11Z","9.0","56%","1029.6 Hpa","10º (N)","11.2","-","-","-","-","-","-","-","-"
,,,,"03/02/2019","10Z","6.0","77%","1029.6 Hpa","300º (NW)","11.2","-","-","-","-","-","-","-","-"
,,,,"03/02/2019","09Z","3.5","83%","1028.9 Hpa","290º (W)","7.6","1/8","-","-","CI","-","-","-","Few clouds"
,,,,"03/02/2019","08Z","2.4","84%","1028.4 Hpa","270º (W)","7.6","-","-","-","-","-","-","-","-"
,,,,"03/02/2019","07Z","2.3","85%","1027.9 Hpa","270º (W)","7.6","-","-","-","-","-","-","-","-"
,,,,"03/02/2019","06Z","2.4","87%","1027.4 Hpa","260º (W)","7.6","0/8","-","-","-","Tr(24h)","-","2.3","Clear"
,,,,"03/02/2019","05Z","2.6","86%","1026.6 Hpa","260º (W)","9.4","-","-","-","-","-","-","-","-"
,,,,"03/02/2019","04Z","2.5","87%","1026.5 Hpa","260º (W)","7.6","-","-","-","-","-","-","-","-"
,,,,"03/02/2019","03Z","3.0","84%","1026.5 Hpa","280º (W)","5.4","-","-","-","-","-","-","-","-"
,,,,"03/02/2019","02Z","3.3","83%","1026.5 Hpa","270º (W)","7.6","-","-","-","-","-","-","-","-"
,,,,"03/02/2019","01Z","3.6","81%","1025.6 Hpa","260º (W)","7.6","-","-","-","-","-","-","-","-"
,,,,"03/02/2019","00Z","3.6","80%","1025.7 Hpa","270º (W)","7.6","-","-","-","-","-","-","-","-"
,,,,"02/02/2019","23Z","4.0","79%","1024.9 Hpa","270º (W)","5.4","-","-","-","-","-","-","-","-"
,,,,"02/02/2019","22Z","4.6","74%","1024.4 Hpa","270º (W)","7.6","-","-","-","-","-","-","-","-"
,,,,"02/02/2019","21Z","5.5","70%","1024.1 Hpa","270º (W)","7.6","-","-","-","-","-","-","-","-"
,,,,"02/02/2019","20Z","6.6","61%","1023.2 Hpa","270º (W)","5.4","-","-","-","-","-","-","-","-"
,,,,"02/02/2019","19Z","7.5","54%","1022.5 Hpa","300º (NW)","14.8","-","-","-","-","-","-","-","-"
,,,,"02/02/2019","18Z","8.6","55%","1021.4 Hpa","300º (NW)","14.8","1/8","1/8 CU","-","-","Tr(12h)","12.7","-","Few clouds"
,,,,"02/02/2019","17Z","10.8","42%","1020.3 Hpa","310º (NW)","24.1","-","-","-","-","Tr(1h)","-","-","-"
,,,,"02/02/2019","16Z","11.9","39%","1019.6 Hpa","320º (NW)","31.3","-","-","-","-","-","-","-","-"
,,,,"02/02/2019","15Z","12.5","37%","1018.8 Hpa","340º (N)","24.1","1/8","1/8 CU","-","-","-","-","-","Few clouds"
,,,,"02/02/2019","14Z","12.0","43%","1018.9 Hpa","310º (NW)","29.5","-","-","-","-","-","-","-","-"
,,,,"02/02/2019","13Z","11.6","47%","1018.8 Hpa","310º (NW)","31.3","-","-","-","-","-","-","-","-"
,,,,"02/02/2019","12Z","10.9","53%","1018.7 Hpa","310º (NW)","35.3","1/8","1/8 CU","-","-","-","-","-","Few clouds"
,,,,"02/02/2019","11Z","9.9","55%","1018.1 Hpa","300º (NW)","27.7","-","-","-","-","-","-","-","-"
,,,,"02/02/2019","10Z","7.9","66%","1017.2 Hpa","290º (W)","27.7","-","-","-","-","-","-","-","-"
,,,,"02/02/2019","09Z","6.1","81%","1016.5 Hpa","280º (W)","18.4","0/8","-","-","-","-","-","-","Clear"
,,,,"02/02/2019","08Z","4.4","88%","1015.3 Hpa","280º (W)","9.4","-","-","-","-","-","-","-","-"
,,,,"02/02/2019","07Z","4.9","88%","1014.0 Hpa","280º (W)","16.6","-","-","-","-","-","-","-","-"
,,,,"02/02/2019","06Z","5.6","85%","1012.7 Hpa","280º (W)","22.3","1/8","1/8 CU","-","-","0.8(24h)","-","5.6","Few clouds"
,,,,"02/02/2019","05Z","6.2","87%","1011.7 Hpa","270º (W)","14.8","-","-","-","-","-","-","-","-"
,,,,"02/02/2019","04Z","6.6","87%","1010.9 Hpa","270º (W)","14.8","-","-","-","-","-","-","-","-"
,,,,"02/02/2019","03Z","6.8","85%","1010.6 Hpa","280º (W)","20.5","-","-","-","-","-","-","-","-"
,,,,"02/02/2019","02Z","7.3","84%","1009.4 Hpa","280º (W)","20.5","-","-","-","-","-","-","-","-"
,,,,"02/02/2019","01Z","7.7","81%","1009.0 Hpa","270º (W)","16.6","-","-","-","-","-","-","-","-"
,,,,"02/02/2019","00Z","8.2","87%","1008.6 Hpa","260º (W)","13.0","-","-","-","-","Tr(6h)","-","-","-"
,,,,"01/02/2019","23Z","8.1","85%","1008.0 Hpa","260º (W)","18.4","-","-","-","-","-","-","-","-"
,,,,"01/02/2019","22Z","7.7","84%","1007.3 Hpa","260º (W)","20.5","-","-","-","-","-","-","-","-"
,,,,"01/02/2019","21Z","7.3","84%","1006.8 Hpa","260º (W)","13.0","-","-","-","-","Tr(3h)","-","-","Drizzle or snow grains"
,,,,"01/02/2019","20Z","7.9","80%","1006.0 Hpa","270º (W)","16.6","-","-","-","-","-","-","-","-"
,,,,"01/02/2019","19Z","7.8","77%","1004.9 Hpa","270º (W)","18.4","-","-","-","-","-","-","-","-"
,,,,"01/02/2019","18Z","8.4","72%","1003.3 Hpa","270º (W)","16.6","5/8","3/8 CU/ST","AC","CI","0.8(12h)","13.8","-","Cloudy"
,,,,"01/02/2019","17Z","9.5","68%","1002.3 Hpa","290º (W)","31.3","-","-","-","-","-","-","-","-"
,,,,"01/02/2019","16Z","11.1","69%","1000.6 Hpa","260º (W)","22.3","-","-","-","-","Tr(1h)","-","-","Rain"
,,,,"01/02/2019","15Z","9.0","86%","1001.0 Hpa","290º (W)","38.9","7/8","7/8 CU","-","CI","0.8(3h)","-","-","Cloudy, shower(s) of rain"
,,,,"01/02/2019","14Z","9.6","77%","1000.4 Hpa","290º (W)","42.5","-","-","-","-","Tr(1h)","-","-","Rain"
,,,,"01/02/2019","13Z","13.2","66%","999.4 Hpa","260º (W)","27.7","-","-","-","-","Tr(1h)","-","-","Rain"
,,,,"01/02/2019","12Z","13.5","64%","1000.2 Hpa","250º (W)","20.5","7/8","6/8 CU/ST","AS","CI","Tr(6h)","-","-","Cloudy"
,,,,"01/02/2019","11Z","12.3","69%","1001.4 Hpa","260º (W)","24.1","-","-","-","-","-","-","-","-"
,,,,"01/02/2019","10Z","11.0","70%","1001.4 Hpa","250º (W)","20.5","-","-","-","-","-","-","-","-"
,,,,"01/02/2019","09Z","10.0","82%","1001.2 Hpa","250º (W)","14.8","2/8","2/8 CU/ST","-","CI","Tr(3h)","-","-","Few clouds"
,,,,"01/02/2019","08Z","9.2","83%","1000.7 Hpa","250º (W)","16.6","-","-","-","-","-","-","-","-"
,,,,"01/02/2019","07Z","9.9","79%","1000.4 Hpa","260º (W)","16.6","-","-","-","-","Tr(1h)","-","-","Drizzle or snow grains"
,,,,"01/02/2019","06Z","10.0","83%","1000.0 Hpa","260º (W)","18.4","4/8","3/8 CU/ST","AC","CI","15.8(24h)","-","10.0","Scattered clouds"
,,,,"01/02/2019","05Z","10.6","85%","999.8 Hpa","260º (W)","16.6","-","-","-","-","-","-","-","-"
,,,,"01/02/2019","04Z","10.7","89%","999.6 Hpa","260º (W)","14.8","-","-","-","-","-","-","-","-"
,,,,"01/02/2019","03Z","10.8","91%","1000.1 Hpa","270º (W)","16.6","-","-","-","-","11.0(3h)","-","-","-"
,,,,"01/02/2019","02Z","10.9","94%","1000.0 Hpa","280º (W)","13.0","-","-","-","-","4.0(1h)","-","-","Drizzle"
,,,,"01/02/2019","01Z","13.3","96%","999.9 Hpa","250º (W)","14.8","-","-","-","-","7.0(1h)","-","-","Rain"
,,,,"01/02/2019","00Z","13.3","94%","1000.1 Hpa","230º (SW)","11.2","-","-","-","-","4.0(6h)","-","-","Rain"
,,,,"31/01/2019","23Z","13.3","94%","1001.0 Hpa","220º (SW)","13.0","-","-","-","-","0.8(1h)","-","-","Rain"
,,,,"31/01/2019","22Z","13.3","91%","1001.4 Hpa","210º (SW)","18.4","-","-","-","-","Tr(1h)","-","-","Drizzle or snow grains"
,,,,"31/01/2019","21Z","13.0","91%","1002.2 Hpa","200º (S)","20.5","-","-","-","-","0.2(3h)","-","-","Drizzle"
,,,,"31/01/2019","20Z","13.0","91%","1003.5 Hpa","220º (SW)","13.0","-","-","-","-","0.2(1h)","-","-","Rain"
,,,,"31/01/2019","19Z","13.7","83%","1004.1 Hpa","210º (SW)","13.0","-","-","-","-","Tr(1h)","-","-","Drizzle or snow grains"
,,,,"31/01/2019","18Z","13.4","84%","1004.6 Hpa","220º (SW)","11.2","7/8","7/8 CU/ST","-","CS","0.2(12h)","15.6","-","Cloudy"
,,,,"31/01/2019","17Z","14.1","81%","1005.4 Hpa","240º (SW)","14.8","-","-","-","-","-","-","-","-"
,,,,"31/01/2019","16Z","14.8","80%","1005.9 Hpa","240º (SW)","18.4","-","-","-","-","-","-","-","-"
,,,,"31/01/2019","15Z","15.4","82%","1005.7 Hpa","260º (W)","18.4","7/8","7/8 ST","AS","-","Tr(3h)","-","-","Cloudy"
,,,,"31/01/2019","14Z","14.5","87%","1006.8 Hpa","260º (W)","20.5","-","-","-","-","Tr(1h)","-","-","Drizzle or snow grains"
,,,,"31/01/2019","13Z","15.0","82%","1007.2 Hpa","240º (SW)","14.8","-","-","-","-","-","-","-","-"
,,,,"31/01/2019","12Z","15.0","83%","1008.1 Hpa","240º (SW)","16.6","-","-","-","-","0.2(6h)","-","-","Drizzle or snow grains"
,,,,"31/01/2019","11Z","13.8","91%","1008.8 Hpa","230º (SW)","11.2","-","-","-","-","Tr(1h)","-","-","Drizzle or snow grains"
,,,,"31/01/2019","10Z","13.6","90%","1008.8 Hpa","240º (SW)","11.2","-","-","-","-","-","-","-","-"
,,,,"31/01/2019","09Z","12.7","94%","1009.0 Hpa","240º (SW)","9.4","6/8","6/8 ST","AS","-","0.2(3h)","-","-","Cloudy"
,,,,"31/01/2019","08Z","12.2","94%","1008.8 Hpa","220º (SW)","11.2","-","-","-","-","Tr(1h)","-","-","Drizzle"
,,,,"31/01/2019","07Z","12.2","92%","1008.6 Hpa","240º (SW)","7.6","-","-","-","-","Tr(1h)","-","-","Drizzle or snow grains"
,,,,"31/01/2019","06Z","12.0","94%","1008.3 Hpa","230º (SW)","7.6","4/8","4/8 ST","AS","-","0.8(24h)","-","11.9","Scattered clouds"
,,,,"31/01/2019","05Z","12.3","96%","1008.9 Hpa","240º (SW)","9.4","-","-","-","-","0.2(1h)","-","-","Drizzle or snow grains"
,,,,"31/01/2019","04Z","12.4","96%","1009.0 Hpa","250º (W)","13.0","-","-","-","-","0.4(1h)","-","-","Drizzle and rain"
,,,,"31/01/2019","03Z","12.5","93%","1009.8 Hpa","250º (W)","13.0","-","-","-","-","Tr(3h)","-","-","Rain"
,,,,"31/01/2019","02Z","12.7","93%","1009.9 Hpa","250º (W)","13.0","-","-","-","-","-","-","-","-"
,,,,"31/01/2019","01Z","12.5","94%","1010.4 Hpa","240º (SW)","11.2","-","-","-","-","-","-","-","-"
,,,,"31/01/2019","00Z","12.3","94%","1010.6 Hpa","240º (SW)","9.4","-","-","-","-","Tr(6h)","-","-","Rain"
,,,,"30/01/2019","23Z","12.1","92%","1010.7 Hpa","230º (SW)","11.2","-","-","-","-","Tr(1h)","-","-","Drizzle or snow grains"
,,,,"30/01/2019","22Z","11.9","92%","1011.1 Hpa","230º (SW)","11.2","-","-","-","-","Tr(1h)","-","-","Drizzle or snow grains"
,,,,"30/01/2019","21Z","12.1","89%","1011.4 Hpa","220º (SW)","11.2","-","-","-","-","Tr(3h)","-","-","Drizzle"
,,,,"30/01/2019","20Z","11.9","88%","1012.0 Hpa","230º (SW)","7.6","-","-","-","-","Tr(1h)","-","-","Drizzle or snow grains"
,,,,"30/01/2019","19Z","12.2","85%","1012.4 Hpa","260º (W)","14.8","-","-","-","-","Tr(1h)","-","-","Drizzle or snow grains"
,,,,"30/01/2019","18Z","12.3","91%","1012.5 Hpa","240º (SW)","9.4","8/8","2/8 ST","AS","CS","0.2(12h)","13.8","-","Overcast"
,,,,"30/01/2019","17Z","12.0","89%","1012.8 Hpa","210º (SW)","9.4","-","-","-","-","0.2(1h)","-","-","Drizzle or snow grains"
,,,,"30/01/2019","16Z","11.1","91%","1013.8 Hpa","200º (S)","13.0","-","-","-","-","Tr(1h)","-","-","Drizzle"
,,,,"30/01/2019","15Z","11.5","86%","1014.4 Hpa","220º (SW)","5.4","8/8","3/8 ST","AS","CS","Tr(3h)","-","-","Overcast"
,,,,"30/01/2019","14Z","13.0","72%","1015.1 Hpa","240º (SW)","7.6","-","-","-","-","Tr(1h)","-","-","-"
,,,,"30/01/2019","13Z","13.7","64%","1015.9 Hpa","250º (W)","11.2","-","-","-","-","-","-","-","-"
,,,,"30/01/2019","12Z","13.6","63%","1016.9 Hpa","280º (W)","16.6","8/8","2/8 ST","AC","CS","-","-","-","Overcast"
,,,,"30/01/2019","11Z","12.6","71%","1017.7 Hpa","270º (W)","13.0","-","-","-","-","-","-","-","-"
,,,,"30/01/2019","10Z","11.5","76%","1017.9 Hpa","270º (W)","11.2","-","-","-","-","-","-","-","-"
,,,,"30/01/2019","09Z","9.4","86%","1018.2 Hpa","260º (W)","9.4","7/8","-","2/8 AC","CS","-","-","-","Cloudy"
,,,,"30/01/2019","08Z","8.7","89%","1018.0 Hpa","270º (W)","9.4","-","-","-","-","-","-","-","-"
,,,,"30/01/2019","07Z","9.1","86%","1017.6 Hpa","270º (W)","13.0","-","-","-","-","-","-","-","-"
,,,,"30/01/2019","06Z","8.9","89%","1017.3 Hpa","270º (W)","9.4","6/8","-","1/8 AS","CS","Tr(24h)","-","8.9","Cloudy"
,,,,"30/01/2019","05Z","9.3","84%","1017.3 Hpa","280º (W)","11.2","-","-","-","-","-","-","-","-"
,,,,"30/01/2019","04Z","9.5","83%","1017.3 Hpa","270º (W)","11.2","-","-","-","-","-","-","-","-"
,,,,"30/01/2019","03Z","9.2","84%","1017.6 Hpa","280º (W)","14.8","-","-","-","-","-","-","-","-"
,,,,"30/01/2019","02Z","9.3","83%","1017.8 Hpa","280º (W)","18.4","-","-","-","-","-","-","-","-"
,,,,"30/01/2019","01Z","9.3","84%","1018.0 Hpa","280º (W)","16.6","-","-","-","-","-","-","-","-"
,,,,"30/01/2019","00Z","9.2","86%","1018.0 Hpa","280º (W)","14.8","-","-","-","-","Tr(6h)","-","-","-"
,,,,"29/01/2019","23Z","10.5","88%","1017.8 Hpa","270º (W)","14.8","-","-","-","-","-","-","-","-"
,,,,"29/01/2019","22Z","10.9","94%","1018.0 Hpa","240º (SW)","11.2","-","-","-","-","Tr(1h)","-","-","Drizzle or snow grains"
,,,,"29/01/2019","21Z","11.1","91%","1018.3 Hpa","250º (W)","9.4","-","-","-","-","Tr(3h)","-","-","Drizzle"
,,,,"29/01/2019","20Z","11.4","86%","1017.9 Hpa","250º (W)","13.0","-","-","-","-","-","-","-","-"
,,,,"29/01/2019","19Z","11.9","82%","1018.1 Hpa","250º (W)","13.0","-","-","-","-","-","-","-","-"
,,,,"29/01/2019","18Z","11.9","80%","1017.9 Hpa","260º (W )","16.7","7/8 ","7/8 CU/SC"," AC","-","Tr(12h)","15.0","-","Cloudy"
,,,,"29/01/2019","17Z","13.0","75%","1018.1 Hpa","270º (W )","16.7","-","-","-","-","-","-","-","-"
,,,,"29/01/2019","16Z","14.0","69%","1018.5 Hpa","280º (W )","22.2","-","-","-","-","-","-","-","-"
,,,,"29/01/2019","15Z","13.1","78%","1018.9 Hpa","280º (W )","20.4","7/8 ","7/8 CU/SC"," AC"," CI","Tr(3h) ","-","-","Cloudy, drizzle"
,,,,"29/01/2019","14Z","14.0","72%","1019.0 Hpa","280º (W )","22.2","-","-","-","-","Tr(1h) ","-","-","drizzle"
,,,,"29/01/2019","13Z","14.2","72%","1019.5 Hpa","260º (W )","20.4","-","-","-","-","-","-","-","-"
,,,,"29/01/2019","12Z","14.1","71%","1020.7 Hpa","270º (W )","18.5","8/8 ","8/8   SC "," AC","N/A","-","-","-","Overcast"
,,,,"29/01/2019","10Z","10.9","86%","1021.6 Hpa","230º (SW)","7.6","-","-","-","-","-","-","-","-"
,,,,"29/01/2019","09Z","9.6","92%","1021.9 Hpa","260º (W)","11.2","8/8","8/8 SC","N/A","N/A","-","-","-","Overcast"
,,,,"29/01/2019","08Z","8.6","92%","1021.8 Hpa","250º (W)","7.6","-","-","-","-","-","-","-","-"
,,,,"29/01/2019","07Z","8.4","92%","1022.0 Hpa","270º (W)","14.8","-","-","-","-","-","-","-","-"
,,,,"29/01/2019","06Z","8.1","92%","1021.9 Hpa","270º (W)","9.4","3/8","1/8 CU","AS","-","-","-","7.4","Scattered clouds"
,,,,"29/01/2019","05Z","7.8","92%","1021.8 Hpa","270º (W)","7.6","-","-","-","-","-","-","-","-"
,,,,"29/01/2019","04Z","8.0","92%","1021.7 Hpa","260º (W)","11.2","-","-","-","-","-","-","-","-"
,,,,"29/01/2019","03Z","7.6","92%","1022.6 Hpa","250º (W)","9.4","-","-","-","-","-","-","-","-"
,,,,"29/01/2019","02Z","8.8","89%","1022.5 Hpa","260º (W)","11.2","-","-","-","-","-","-","-","-"
,,,,"29/01/2019","01Z","9.5","89%","1022.4 Hpa","260º (W)","11.2","-","-","-","-","-","-","-","-"
,,,,"29/01/2019","00Z","9.2","92%","1022.5 Hpa","250º (W)","9.4","-","-","-","-","-","-","-","-"
,,,,"28/01/2019","23Z","9.6","90%","1022.8 Hpa","260º (W)","9.4","-","-","-","-","-","-","-","-"
,,,,"28/01/2019","22Z","9.4","90%","1022.7 Hpa","270º (W)","11.2","-","-","-","-","-","-","-","-"
,,,,"28/01/2019","21Z","9.9","89%","1022.9 Hpa","280º (W)","14.8","-","-","-","-","-","-","-","-"
,,,,"28/01/2019","20Z","10.5","86%","1022.6 Hpa","270º (W)","9.4","-","-","-","-","-","-","-","-"
,,,,"28/01/2019","19Z","11.2","82%","1022.5 Hpa","280º (W)","16.6","-","-","-","-","-","-","-","-"
,,,,"28/01/2019","18Z","12.3","77%","1022.6 Hpa","290º (W)","20.5","5/8","1/8 CU","AC","CI","-","16.0","-","Cloudy"
,,,,"28/01/2019","17Z","12.9","75%","1022.5 Hpa","290º (W)","24.1","-","-","-","-","-","-","-","-"
,,,,"28/01/2019","16Z","13.7","68%","1022.3 Hpa","300º (NW)","22.3","-","-","-","-","-","-","-","-"
,,,,"28/01/2019","15Z","14.5","64%","1022.4 Hpa","290º (W)","27.7","6/8","1/8 ST","AC","CI/CS","-","-","-","Cloudy"
,,,,"28/01/2019","14Z","15.8","58%","1022.0 Hpa","280º (W)","29.5","-","-","-","-","-","-","-","-"
,,,,"28/01/2019","13Z","14.6","65%","1022.8 Hpa","280º (W)","22.3","-","-","-","-","-","-","-","-"
,,,,"28/01/2019","12Z","13.0","70%","1023.9 Hpa","280º (W)","24.1","3/8","1/8 CU/ST","AC","CI","-","-","-","Scattered clouds"
,,,,"28/01/2019","11Z","11.6","75%","1024.7 Hpa","280º (W)","24.1","-","-","-","-","-","-","-","-"
,,,,"28/01/2019","10Z","10.2","81%","1024.5 Hpa","280º (W)","18.4","-","-","-","-","-","-","-","-"
,,,,"28/01/2019","09Z","7.0","90%","1024.4 Hpa","270º (W)","9.4","2/8","-","1/8 AC","CI/CS","-","-","-","Few clouds"
,,,,"28/01/2019","08Z","5.3","90%","1024.7 Hpa","260º (W)","9.4","-","-","-","-","-","-","-","-"
,,,,"28/01/2019","07Z","5.0","86%","1024.9 Hpa","270º (W)","9.4","-","-","-","-","-","-","-","-"
,,,,"28/01/2019","06Z","5.5","82%","1024.2 Hpa","260º (W)","9.4","0/8","-","-","-","-","-","4.6","Clear"
,,,,"28/01/2019","05Z","5.2","82%","1023.9 Hpa","280º (W)","11.2","-","-","-","-","-","-","-","-"
,,,,"28/01/2019","04Z","4.7","86%","1024.2 Hpa","280º (W)","9.4","-","-","-","-","-","-","-","-"
,,,,"28/01/2019","03Z","5.7","83%","1024.0 Hpa","280º (W)","11.2","-","-","-","-","-","-","-","-"
,,,,"28/01/2019","02Z","5.5","86%","1024.0 Hpa","270º (W)","11.2","-","-","-","-","-","-","-","-"
,,,,"28/01/2019","01Z","5.8","85%","1023.9 Hpa","270º (W)","9.4","-","-","-","-","-","-","-","-"
,,,,"28/01/2019","00Z","6.3","84%","1024.1 Hpa","270º (W)","5.4","-","-","-","-","-","-","-","-"
,,,,"27/01/2019","23Z","6.4","82%","1024.0 Hpa","280º (W)","9.4","-","-","-","-","-","-","-","-"
,,,,"27/01/2019","22Z","7.1","77%","1023.9 Hpa","280º (W)","13.0","-","-","-","-","-","-","-","-"
,,,,"27/01/2019","21Z","8.2","73%","1023.1 Hpa","270º (W)","11.2","-","-","-","-","-","-","-","-"
,,,,"27/01/2019","20Z","8.3","70%","1022.6 Hpa","280º (W)","13.0","-","-","-","-","-","-","-","-"
,,,,"27/01/2019","19Z","9.8","63%","1021.8 Hpa","270º (W)","9.4","-","-","-","-","-","-","-","-"
,,,,"27/01/2019","18Z","10.8","62%","1021.1 Hpa","280º (W)","13.0","3/8","1/8 CU","AS","CS","-","14.9","-","Scattered clouds"
,,,,"27/01/2019","17Z","13.1","52%","1020.6 Hpa","310º (NW)","16.6","-","-","-","-","-","-","-","-"
,,,,"27/01/2019","16Z","14.5","44%","1020.5 Hpa","310º (NW)","24.1","-","-","-","-","-","-","-","-"
,,,,"27/01/2019","15Z","14.8","46%","1020.5 Hpa","310º (NW)","31.3","6/8","1/8 CU","-","CI","-","-","-","Cloudy"
,,,,"27/01/2019","14Z","14.2","49%","1020.5 Hpa","300º (NW)","31.3","-","-","-","-","-","-","-","-"
,,,,"27/01/2019","13Z","13.9","54%","1020.9 Hpa","310º (NW)","22.3","-","-","-","-","-","-","-","-"
,,,,"27/01/2019","12Z","13.0","68%","1021.3 Hpa","310º (NW)","22.3","6/8","6/8 SC","-","-","-","-","-","Cloudy"
,,,,"27/01/2019","11Z","11.8","79%","1021.2 Hpa","280º (W)","20.5","-","-","-","-","-","-","-","-"
,,,,"27/01/2019","10Z","10.3","86%","1020.7 Hpa","270º (W)","13.0","-","-","-","-","-","-","-","-"
,,,,"27/01/2019","09Z","7.8","92%","1020.8 Hpa","280º (W)","9.4","2/8","2/8 CU","-","-","-","-","-","Few clouds"
,,,,"27/01/2019","08Z","5.8","95%","1020.1 Hpa","260º (W)","7.6","-","-","-","-","-","-","-","-"
,,,,"27/01/2019","07Z","5.3","95%","1019.7 Hpa","260º (W)","3.6","-","-","-","-","-","-","-","-"
,,,,"27/01/2019","06Z","5.7","93%","1019.4 Hpa","260º (W)","7.6","2/8","2/8 CU","-","-","-","-","5.7","Few clouds"
,,,,"27/01/2019","05Z","6.8","92%","1019.4 Hpa","280º (W)","9.4","-","-","-","-","-","-","-","-"
,,,,"27/01/2019","04Z","7.6","92%","1019.4 Hpa","270º (W)","9.4","-","-","-","-","-","-","-","-"
,,,,"27/01/2019","03Z","7.3","94%","1019.3 Hpa","270º (W)","11.2","-","-","-","-","-","-","-","-"
,,,,"27/01/2019","02Z","7.1","92%","1019.2 Hpa","280º (W)","11.2","-","-","-","-","-","-","-","-"
,,,,"27/01/2019","01Z","7.5","88%","1019.2 Hpa","230º (SW)","3.6","-","-","-","-","-","-","-","-"
,,,,"27/01/2019","00Z","8.3","87%","1019.4 Hpa","230º (SW)","3.6","-","-","-","-","-","-","-","-"
,,,,"26/01/2019","23Z","7.8","87%","1019.6 Hpa","270º (W)","5.4","-","-","-","-","-","-","-","-"
,,,,"26/01/2019","22Z","9.5","82%","1019.1 Hpa","250º (W)","5.4","-","-","-","-","-","-","-","-"
,,,,"26/01/2019","21Z","11.7","73%","1018.9 Hpa","210º (SW)","7.6","-","-","-","-","-","-","-","-"
,,,,"26/01/2019","20Z","11.5","75%","1019.5 Hpa","240º (SW)","5.4","-","-","-","-","-","-","-","-"
,,,,"26/01/2019","19Z","12.9","68%","1019.2 Hpa","220º (SW)","3.6","-","-","-","-","-","-","-","-"
,,,,"26/01/2019","18Z","14.9","63%","1018.9 Hpa","210º (SW)","3.6","0/8","-","-","-","-","19.3","-","Clear"
,,,,"26/01/2019","17Z","16.6","56%","1018.8 Hpa","290º (W)","5.4","-","-","-","-","-","-","-","-"
,,,,"26/01/2019","16Z","18.6","45%","1018.6 Hpa","280º (W)","5.4","-","-","-","-","-","-","-","-"
,,,,"26/01/2019","15Z","19.1","42%","1018.9 Hpa","140º (SE)","3.6","0/8","-","-","-","-","-","-","Clear"
,,,,"26/01/2019","14Z","17.6","44%","1019.8 Hpa","30º (NE)","1.8","-","-","-","-","-","-","-","-"
,,,,"26/01/2019","13Z","16.4","54%","1020.6 Hpa","70º (E)","9.4","-","-","-","-","-","-","-","-"
,,,,"26/01/2019","12Z","13.9","68%","1021.8 Hpa","80º (E)","7.6","1/8","-","-","CI","-","-","-","Few clouds"
,,,,"26/01/2019","11Z","10.5","82%","1022.8 Hpa","70º (E)","7.6","-","-","-","-","-","-","-","-"
,,,,"26/01/2019","10Z","6.7","93%","1022.9 Hpa","70º (E)","3.6","-","-","-","-","-","-","-","-"
,,,,"26/01/2019","09Z","2.8","100%","1022.9 Hpa","100º (E)","1.8","1/8","-","-","CI","-","-","-","Few clouds"
,,,,"26/01/2019","08Z","0.9","99%","1022.8 Hpa","360º (N)","1.8","-","-","-","-","-","-","-","-"
,,,,"26/01/2019","07Z","1.9","97%","1022.0 Hpa","130º (SE)","3.6","-","-","-","-","-","-","-","-"
,,,,"26/01/2019","06Z","1.7","97%","1021.7 Hpa","0º (N)","0.0","0/8","-","-","-","-","-","1.7","Clear, fog or ice fog"
,,,,"26/01/2019","05Z","2.4","97%","1021.5 Hpa","0º (N)","0.0","-","-","-","-","-","-","-","-"
,,,,"26/01/2019","04Z","2.6","97%","1021.6 Hpa","80º (E)","3.6","-","-","-","-","-","-","-","-"
,,,,"26/01/2019","03Z","3.0","95%","1021.6 Hpa","70º (E)","5.4","-","-","-","-","-","-","-","-"
,,,,"26/01/2019","02Z","4.5","93%","1020.9 Hpa","90º (E)","3.6","-","-","-","-","-","-","-","-"
,,,,"26/01/2019","01Z","5.7","91%","1021.0 Hpa","270º (W)","3.6","-","-","-","-","-","-","-","-"
,,,,"26/01/2019","00Z","7.8","87%","1021.0 Hpa","270º (W)","5.4","-","-","-","-","-","-","-","-"
,,,,"25/01/2019","23Z","7.1","87%","1020.8 Hpa","270º (W)","3.6","-","-","-","-","-","-","-","-"
,,,,"25/01/2019","22Z","8.4","86%","1020.7 Hpa","250º (W)","3.6","-","-","-","-","-","-","-","-"
,,,,"25/01/2019","21Z","9.1","82%","1020.1 Hpa","280º (W)","1.8","-","-","-","-","-","-","-","-"
,,,,"25/01/2019","20Z","11.3","74%","1019.8 Hpa","250º (W)","3.6","-","-","-","-","-","-","-","-"
,,,,"25/01/2019","19Z","12.5","71%","1019.3 Hpa","0º (N)","0.0","-","-","-","-","-","-","-","-"
,,,,"25/01/2019","18Z","15.4","62%","1019.0 Hpa","300º (NW)","1.8","0/8","-","-","-","-","19.0","-","Clear"
,,,,"25/01/2019","17Z","17.9","49%","1018.5 Hpa","360º (N)","5.4","-","-","-","-","-","-","-","-"
,,,,"25/01/2019","16Z","18.9","46%","1018.5 Hpa","60º (NE)","5.4","-","-","-","-","-","-","-","-"
,,,,"25/01/2019","15Z","18.8","50%","1018.8 Hpa","80º (E)","5.4","0/8","-","-","-","-","-","-","Clear"
,,,,"25/01/2019","14Z","17.7","54%","1018.9 Hpa","70º (E)","7.6","-","-","-","-","-","-","-","-"
,,,,"25/01/2019","13Z","16.2","59%","1019.4 Hpa","80º (E)","5.4","-","-","-","-","-","-","-","-"
,,,,"25/01/2019","12Z","14.6","65%","1020.0 Hpa","90º (E)","7.6","0/8","-","-","-","-","-","-","Clear"
,,,,"25/01/2019","11Z","12.4","73%","1020.7 Hpa","100º (E)","7.6","-","-","-","-","-","-","-","-"
,,,,"25/01/2019","10Z","9.2","83%","1020.7 Hpa","90º (E)","1.8","-","-","-","-","-","-","-","-"
,,,,"25/01/2019","09Z","5.2","95%","1020.6 Hpa","40º (NE)","3.6","0/8","-","-","-","-","-","-","Clear"
,,,,"25/01/2019","08Z","4.9","91%","1019.8 Hpa","0º (N)","0.0","-","-","-","-","-","-","-","-"
,,,,"25/01/2019","07Z","6.3","88%","1018.6 Hpa","300º (NW)","1.8","-","-","-","-","-","-","-","-"
,,,,"25/01/2019","06Z","7.4","87%","1018.0 Hpa","270º (W)","9.4","0/8","-","-","-","Tr(24h)","-","6.8","Clear"
,,,,"25/01/2019","05Z","6.8","90%","1017.9 Hpa","270º (W)","5.4","-","-","-","-","-","-","-","-"
,,,,"25/01/2019","04Z","7.3","87%","1017.7 Hpa","270º (W)","5.4","-","-","-","-","-","-","-","-"
,,,,"25/01/2019","03Z","7.2","87%","1018.1 Hpa","270º (W)","5.4","-","-","-","-","-","-","-","-"
,,,,"25/01/2019","02Z","9.7","79%","1017.7 Hpa","220º (SW)","5.4","-","-","-","-","-","-","-","-"
,,,,"25/01/2019","01Z","10.3","76%","1017.4 Hpa","240º (SW)","5.4","-","-","-","-","-","-","-","-"
,,,,"25/01/2019","00Z","10.4","76%","1017.3 Hpa","320º (NW)","5.4","-","-","-","-","-","-","-","-"
,,,,"24/01/2019","23Z","11.0","74%","1017.1 Hpa","310º (NW)","9.4","-","-","-","-","-","-","-","-"
,,,,"24/01/2019","22Z","12.0","74%","1016.8 Hpa","290º (W)","5.4","-","-","-","-","-","-","-","-"
,,,,"24/01/2019","21Z","12.8","74%","1016.2 Hpa","260º (W)","5.4","-","-","-","-","-","-","-","-"
,,,,"24/01/2019","20Z","13.3","80%","1015.6 Hpa","260º (W)","7.6","-","-","-","-","-","-","-","-"
,,,,"24/01/2019","19Z","14.5","76%","1014.9 Hpa","280º (W)","13.0","-","-","-","-","-","-","-","-"
,,,,"24/01/2019","18Z","16.9","65%","1013.9 Hpa","270º (W)","9.4","0/8","-","-","-","Tr(12h)","20.0","-","Clear"
,,,,"24/01/2019","17Z","18.7","51%","1013.2 Hpa","350º (N)","18.4","-","-","-","-","-","-","-","-"
,,,,"24/01/2019","16Z","20.0","49%","1012.8 Hpa","320º (NW)","20.5","-","-","-","-","-","-","-","-"
,,,,"24/01/2019","15Z","19.7","51%","1012.7 Hpa","310º (NW)","27.7","3/8","-","-","CCM","-","-","-","Scattered clouds"
,,,,"24/01/2019","14Z","19.2","53%","1012.9 Hpa","310º (NW)","27.7","-","-","-","-","-","-","-","-"
,,,,"24/01/2019","13Z","18.6","55%","1013.6 Hpa","310º (NW)","25.9","-","-","-","-","-","-","-","-"
,,,,"24/01/2019","12Z","17.6","59%","1014.2 Hpa","310º (NW)","22.3","2/8","-","-","CI","Tr(6h)","-","-","Few clouds"
,,,,"24/01/2019","11Z","15.5","72%","1014.7 Hpa","300º (NW)","25.9","-","-","-","-","-","-","-","-"
,,,,"24/01/2019","10Z","12.7","85%","1014.8 Hpa","280º (W)","22.3","-","-","-","-","-","-","-","-"
,,,,"24/01/2019","09Z","10.5","94%","1014.9 Hpa","280º (W)","13.0","2/8","-","1/8 AC","CI","-","-","-","Few clouds"
,,,,"24/01/2019","08Z","9.6","94%","1014.8 Hpa","280º (W)","13.0","-","-","-","-","-","-","-","-"
,,,,"24/01/2019","07Z","9.7","92%","1014.4 Hpa","280º (W)","18.4","-","-","-","-","-","-","-","-"
,,,,"24/01/2019","06Z","9.9","92%","1014.3 Hpa","280º (W)","16.6","0/8","-","-","-","-","-","9.8","Clear"
,,,,"24/01/2019","05Z","10.3","91%","1014.3 Hpa","290º (W)","20.5","-","-","-","-","-","-","-","-"
,,,,"24/01/2019","04Z","10.2","91%","1014.7 Hpa","270º (W)","11.2","-","-","-","-","-","-","-","-"
,,,,"24/01/2019","03Z","10.2","91%","1015.3 Hpa","270º (W)","11.2","-","-","-","-","-","-","-","-"
,,,,"24/01/2019","02Z","10.2","91%","1015.5 Hpa","270º (W)","9.4","-","-","-","-","-","-","-","-"
,,,,"24/01/2019","01Z","10.7","89%","1015.7 Hpa","270º (W)","11.2","-","-","-","-","-","-","-","-"
,,,,"24/01/2019","00Z","10.9","89%","1015.7 Hpa","270º (W)","14.8","-","-","-","-","-","-","-","-"
,,,,"23/01/2019","23Z","11.1","89%","1015.7 Hpa","280º (W)","16.6","-","-","-","-","-","-","-","-"
,,,,"23/01/2019","22Z","11.5","86%","1015.7 Hpa","270º (W)","13.0","-","-","-","-","-","-","-","-"
,,,,"23/01/2019","21Z","11.5","86%","1015.9 Hpa","260º (W)","13.0","-","-","-","-","-","-","-","-"
,,,,"23/01/2019","20Z","11.8","84%","1015.8 Hpa","270º (W)","14.8","-","-","-","-","-","-","-","-"
,,,,"23/01/2019","19Z","12.3","80%","1015.6 Hpa","270º (W)","14.8","-","-","-","-","-","-","-","-"
,,,,"23/01/2019","18Z","12.8","77%","1015.5 Hpa","270º (W)","11.2","3/8","1/8 CU/ST","AC","CI","-","16.3","-","Scattered clouds"
,,,,"23/01/2019","17Z","14.2","69%","1015.2 Hpa","290º (W)","25.9","-","-","-","-","-","-","-","-"
,,,,"23/01/2019","16Z","15.5","63%","1015.1 Hpa","290º (W)","29.5","-","-","-","-","-","-","-","-"
,,,,"23/01/2019","15Z","16.0","61%","1014.9 Hpa","300º (NW)","38.9","6/8","6/8 CU/ST","-","CI","-","-","-","Cloudy"
,,,,"23/01/2019","14Z","16.0","61%","1015.1 Hpa","290º (W)","38.9","-","-","-","-","-","-","-","-"
,,,,"23/01/2019","13Z","13.9","70%","1016.1 Hpa","280º (W)","27.7","-","-","-","-","-","-","-","-"
,,,,"23/01/2019","12Z","14.3","69%","1016.5 Hpa","270º (W)","22.3","5/8","3/8 CU/ST","AS","CS","-","-","-","Cloudy"
,,,,"23/01/2019","11Z","13.4","73%","1017.2 Hpa","280º (W)","25.9","-","-","-","-","-","-","-","-"
,,,,"23/01/2019","10Z","12.1","78%","1017.6 Hpa","280º (W)","24.1","-","-","-","-","-","-","-","-"
,,,,"23/01/2019","09Z","10.0","86%","1017.7 Hpa","280º (W)","16.6","5/8","1/8 SC","AS","CCM","-","-","-","Cloudy"
,,,,"23/01/2019","08Z","9.4","87%","1017.5 Hpa","270º (W)","16.6","-","-","-","-","-","-","-","-"
,,,,"23/01/2019","07Z","9.4","89%","1017.5 Hpa","260º (W)","16.6","-","-","-","-","-","-","-","-"
,,,,"23/01/2019","06Z","9.1","89%","1017.6 Hpa","270º (W)","16.6","3/8","3/8 SC","-","-","-","-","8.1","Scattered clouds"
,,,,"23/01/2019","05Z","9.1","86%","1017.7 Hpa","260º (W)","11.2","-","-","-","-","-","-","-","-"
,,,,"23/01/2019","04Z","8.9","87%","1017.8 Hpa","260º (W)","14.8","-","-","-","-","-","-","-","-"
,,,,"23/01/2019","03Z","8.8","87%","1018.4 Hpa","260º (W)","14.8","-","-","-","-","-","-","-","-"
,,,,"23/01/2019","02Z","9.0","86%","1018.7 Hpa","270º (W)","14.8","-","-","-","-","-","-","-","-"
,,,,"23/01/2019","01Z","8.8","86%","1019.0 Hpa","270º (W)","13.0","-","-","-","-","-","-","-","-"
,,,,"23/01/2019","00Z","8.3","87%","1019.4 Hpa","280º (W)","16.6","-","-","-","-","-","-","-","-"
,,,,"22/01/2019","23Z","8.7","83%","1018.9 Hpa","280º (W)","24.1","-","-","-","-","-","-","-","-"
,,,,"22/01/2019","22Z","8.9","83%","1018.7 Hpa","280º (W)","18.4","-","-","-","-","-","-","-","-"
,,,,"22/01/2019","21Z","10.1","85%","1018.9 Hpa","270º (W)","11.2","-","-","-","-","-","-","-","-"
,,,,"22/01/2019","20Z","10.5","88%","1019.0 Hpa","260º (W)","18.4","-","-","-","-","-","-","-","-"
,,,,"22/01/2019","19Z","11.1","81%","1019.1 Hpa","260º (W)","13.0","-","-","-","-","-","-","-","-"
,,,,"22/01/2019","18Z","11.2","79%","1019.6 Hpa","260º (W)","11.2","8/8","2/8 SC","AS","CS","-","13.1","-","Overcast"
,,,,"22/01/2019","17Z","11.5","74%","1019.7 Hpa","270º (W)","13.0","-","-","-","-","-","-","-","-"
,,,,"22/01/2019","16Z","11.9","70%","1019.8 Hpa","270º (W)","16.6","-","-","-","-","-","-","-","-"
,,,,"22/01/2019","15Z","12.3","65%","1020.1 Hpa","280º (W)","25.9","7/8","1/8 CU/ST","AC","CS","-","-","-","Cloudy"
,,,,"22/01/2019","14Z","13.0","62%","1020.6 Hpa","290º (W)","24.1","-","-","-","-","-","-","-","-"
,,,,"22/01/2019","13Z","12.2","63%","1021.3 Hpa","290º (W)","20.5","-","-","-","-","-","-","-","-"
,,,,"22/01/2019","12Z","11.3","70%","1022.7 Hpa","300º (NW)","22.3","4/8","1/8 CU","AC","CS","-","-","-","Scattered clouds"
,,,,"22/01/2019","11Z","9.8","79%","1023.0 Hpa","280º (W)","14.8","-","-","-","-","-","-","-","-"
,,,,"22/01/2019","10Z","7.4","85%","1023.3 Hpa","270º (W)","9.4","-","-","-","-","-","-","-","-"
,,,,"22/01/2019","09Z","5.5","91%","1023.1 Hpa","280º (W)","11.2","3/8","-","2/8 AS","CS","-","-","-","Scattered clouds"
,,,,"22/01/2019","08Z","4.7","93%","1022.9 Hpa","280º (W)","9.4","-","-","-","-","-","-","-","-"
,,,,"22/01/2019","07Z","4.0","95%","1022.7 Hpa","240º (SW)","1.8","-","-","-","-","-","-","-","-"
,,,,"22/01/2019","06Z","3.7","93%","1022.6 Hpa","240º (SW)","3.6","1/8","-","1/8 AS","CS","-","-","3.3","Few clouds"
,,,,"22/01/2019","05Z","3.3","91%","1023.1 Hpa","230º (SW)","3.6","-","-","-","-","-","-","-","-"
,,,,"22/01/2019","04Z","4.2","89%","1023.5 Hpa","260º (W)","7.6","-","-","-","-","-","-","-","-"
,,,,"22/01/2019","03Z","3.8","91%","1024.1 Hpa","260º (W)","5.4","-","-","-","-","-","-","-","-"
,,,,"22/01/2019","02Z","4.3","88%","1024.1 Hpa","230º (SW)","1.8","-","-","-","-","-","-","-","-"
,,,,"22/01/2019","01Z","4.7","85%","1024.3 Hpa","270º (W)","7.6","-","-","-","-","-","-","-","-"
,,,,"22/01/2019","00Z","5.3","82%","1024.3 Hpa","230º (SW)","3.6","-","-","-","-","-","-","-","-"
,,,,"21/01/2019","23Z","5.9","78%","1024.4 Hpa","230º (SW)","3.6","-","-","-","-","-","-","-","-"
,,,,"21/01/2019","22Z","6.7","76%","1024.6 Hpa","260º (W)","5.4","-","-","-","-","-","-","-","-"
,,,,"21/01/2019","21Z","6.7","76%","1023.9 Hpa","260º (W)","5.4","-","-","-","-","-","-","-","-"
,,,,"21/01/2019","20Z","8.7","67%","1023.3 Hpa","270º (W)","7.6","-","-","-","-","-","-","-","-"
,,,,"21/01/2019","19Z","9.2","68%","1023.0 Hpa","260º (W)","5.4","-","-","-","-","-","-","-","-"
,,,,"21/01/2019","18Z","10.8","61%","1022.6 Hpa","330º (NW)","7.6","1/8","1/8 CU","-","-","-","14.9","-","Few clouds"
,,,,"21/01/2019","17Z","12.6","55%","1022.4 Hpa","280º (W)","1.8","-","-","-","-","-","-","-","-"
,,,,"21/01/2019","16Z","14.6","48%","1022.0 Hpa","120º (SE)","5.4","-","-","-","-","-","-","-","-"
,,,,"21/01/2019","15Z","14.1","47%","1022.1 Hpa","80º (E)","5.4","1/8","1/8 CU","-","-","-","-","-","Few clouds"
,,,,"21/01/2019","14Z","13.4","52%","1022.4 Hpa","20º (N)","9.4","-","-","-","-","-","-","-","-"
,,,,"21/01/2019","13Z","13.0","53%","1023.0 Hpa","50º (NE)","9.4","-","-","-","-","-","-","-","-"
,,,,"21/01/2019","12Z","11.7","58%","1023.4 Hpa","360º (N)","5.4","0/8","-","-","-","-","-","-","Clear"
,,,,"21/01/2019","11Z","9.8","70%","1024.3 Hpa","310º (NW)","5.4","-","-","-","-","-","-","-","-"
,,,,"21/01/2019","10Z","7.7","80%","1024.0 Hpa","290º (W)","7.6","-","-","-","-","-","-","-","-"
,,,,"21/01/2019","09Z","5.3","83%","1023.7 Hpa","260º (W)","3.6","0/8","-","-","-","-","-","-","Clear"
,,,,"21/01/2019","08Z","4.3","84%","1023.3 Hpa","280º (W)","7.6","-","-","-","-","-","-","-","-"
,,,,"21/01/2019","07Z","4.5","86%","1022.9 Hpa","250º (W)","7.6","-","-","-","-","-","-","-","-"
,,,,"21/01/2019","06Z","4.3","89%","1022.5 Hpa","220º (SW)","3.6","0/8","-","-","-","-","-","4.2","Clear"
,,,,"21/01/2019","05Z","4.6","88%","1022.0 Hpa","240º (SW)","5.4","-","-","-","-","-","-","-","-"
,,,,"21/01/2019","04Z","5.2","86%","1022.4 Hpa","240º (SW)","5.4","-","-","-","-","-","-","-","-"
,,,,"21/01/2019","03Z","5.5","86%","1022.2 Hpa","240º (SW)","5.4","-","-","-","-","-","-","-","-"
,,,,"21/01/2019","02Z","5.9","86%","1022.0 Hpa","230º (SW)","3.6","-","-","-","-","-","-","-","-"
,,,,"21/01/2019","01Z","6.5","85%","1022.2 Hpa","240º (SW)","5.4","-","-","-","-","-","-","-","-"
,,,,"21/01/2019","00Z","6.7","84%","1022.2 Hpa","260º (W)","7.6","-","-","-","-","-","-","-","-"
,,,,"20/01/2019","23Z","6.5","85%","1021.7 Hpa","230º (SW)","3.6","-","-","-","-","-","-","-","-"
,,,,"20/01/2019","22Z","7.1","81%","1021.2 Hpa","270º (W)","7.6","-","-","-","-","-","-","-","-"
,,,,"20/01/2019","21Z","7.6","74%","1020.6 Hpa","290º (W)","11.2","-","-","-","-","-","-","-","-"
,,,,"20/01/2019","20Z","8.8","70%","1020.0 Hpa","300º (NW)","13.0","-","-","-","-","-","-","-","-"
,,,,"20/01/2019","19Z","10.0","66%","1019.4 Hpa","290º (W)","11.2","-","-","-","-","-","-","-","-"
,,,,"20/01/2019","18Z","11.3","62%","1018.7 Hpa","280º (W)","5.4","1/8","-","1/8 AC","-","-","14.8","-","Few clouds"
,,,,"20/01/2019","17Z","13.3","52%","1018.1 Hpa","320º (NW)","18.4","-","-","-","-","-","-","-","-"
,,,,"20/01/2019","16Z","14.5","50%","1017.4 Hpa","340º (N)","20.5","-","-","-","-","-","-","-","-"
,,,,"20/01/2019","15Z","14.6","48%","1017.1 Hpa","330º (NW)","24.1","2/8","-","2/8 AC","-","-","-","-","Few clouds"
,,,,"20/01/2019","14Z","14.4","51%","1017.0 Hpa","330º (NW)","22.3","-","-","-","-","-","-","-","-"
,,,,"20/01/2019","13Z","14.1","53%","1017.4 Hpa","350º (N)","20.5","-","-","-","-","-","-","-","-"
,,,,"20/01/2019","12Z","13.1","59%","1017.6 Hpa","340º (N)","27.7","1/8","-","1/8 AC","-","-","-","-","Few clouds"
,,,,"20/01/2019","11Z","12.4","61%","1017.6 Hpa","340º (N)","24.1","-","-","-","-","-","-","-","-"
,,,,"20/01/2019","10Z","11.2","68%","1016.8 Hpa","320º (NW)","27.7","-","-","-","-","-","-","-","-"
,,,,"20/01/2019","09Z","9.6","79%","1016.0 Hpa","300º (NW)","16.6","2/8","-","2/8 AC","-","-","-","-","Few clouds"
,,,,"20/01/2019","08Z","9.1","83%","1015.1 Hpa","310º (NW)","25.9","-","-","-","-","-","-","-","-"
,,,,"20/01/2019","07Z","9.6","89%","1013.9 Hpa","290º (W)","20.5","-","-","-","-","-","-","-","-"
,,,,"20/01/2019","06Z","9.7","89%","1012.9 Hpa","290º (W)","22.3","5/8","2/8 ST","AC","-","14.8(24h)","-","9.7","Cloudy"
,,,,"20/01/2019","05Z","10.5","89%","1012.1 Hpa","290º (W)","22.3","-","-","-","-","Tr(1h)","-","-","-"
,,,,"20/01/2019","04Z","11.2","91%","1011.4 Hpa","270º (W)","16.6","-","-","-","-","-","-","-","-"
,,,,"20/01/2019","03Z","11.5","96%","1011.2 Hpa","250º (W)","13.0","-","-","-","-","0.2(3h)","-","-","Drizzle or snow grains"
,,,,"20/01/2019","02Z","11.4","96%","1011.3 Hpa","240º (SW)","7.6","-","-","-","-","0.2(1h)","-","-","Drizzle"
,,,,"20/01/2019","01Z","11.4","96%","1011.4 Hpa","250º (W)","7.6","-","-","-","-","Tr(1h)","-","-","Drizzle or snow grains"
,,,,"20/01/2019","00Z","11.6","94%","1011.9 Hpa","250º (W)","7.6","-","-","-","-","11.0(6h)","-","-","-"
,,,,"19/01/2019","23Z","11.8","96%","1012.1 Hpa","250º (W)","11.2","-","-","-","-","Tr(1h)","-","-","Drizzle or snow grains"
,,,,"19/01/2019","22Z","11.8","96%","1011.9 Hpa","230º (SW)","5.4","-","-","-","-","Tr(1h)","-","-","Drizzle"
,,,,"19/01/2019","21Z","12.0","96%","1012.0 Hpa","240º (SW)","7.6","-","-","-","-","11.0(3h)","-","-","-"
,,,,"19/01/2019","20Z","12.4","96%","1012.0 Hpa","230º (SW)","7.6","-","-","-","-","0.2(1h)","-","-","Drizzle or snow grains"
,,,,"19/01/2019","19Z","11.8","96%","1012.0 Hpa","180º (S)","9.4","-","-","-","-","11.0(1h)","-","-","Drizzle and rain"
,,,,"19/01/2019","18Z","12.1","94%","1012.0 Hpa","200º (S)","13.0","8/8","8/8 ST","AS","N/A","4.0(12h)","12.2","-","Overcast, rain"
,,,,"19/01/2019","17Z","12.0","94%","1012.7 Hpa","200º (S)","14.8","-","-","-","-","0.4(1h)","-","-","Rain"
,,,,"19/01/2019","16Z","11.8","91%","1013.8 Hpa","200º (S)","13.0","-","-","-","-","-","-","-","-"
,,,,"19/01/2019","15Z","10.9","92%","1014.9 Hpa","210º (SW)","9.4","8/8","8/8 ST","N/A","N/A","0.2(3h)","-","-","Overcast, drizzle"
,,,,"19/01/2019","14Z","10.2","94%","1016.0 Hpa","200º (S)","5.4","-","-","-","-","0.2(1h)","-","-","Drizzle and rain"
,,,,"19/01/2019","13Z","9.8","92%","1017.5 Hpa","200º (S)","7.6","-","-","-","-","Tr(1h)","-","-","Drizzle"
,,,,"19/01/2019","12Z","9.1","92%","1018.9 Hpa","190º (S)","9.4","8/8","8/8 ST","N/A","N/A","0.4(6h)","-","-","Overcast, drizzle"
,,,,"19/01/2019","11Z","8.7","94%","1019.8 Hpa","190º (S)","3.6","-","-","-","-","Tr(1h)","-","-","Rain"
,,,,"19/01/2019","10Z","7.9","94%","1019.9 Hpa","110º (E)","3.6","-","-","-","-","Tr(1h)","-","-","Rain"
,,,,"19/01/2019","09Z","7.3","95%","1019.7 Hpa","310º (NW)","3.6","8/8","8/8 ST","N/A","N/A","0.2(3h)","-","-","Overcast"
,,,,"19/01/2019","08Z","6.9","93%","1019.4 Hpa","340º (N)","1.8","-","-","-","-","-","-","-","-"
,,,,"19/01/2019","07Z","7.0","95%","1019.0 Hpa","170º (S)","3.6","-","-","-","-","-","-","-","-"
,,,,"19/01/2019","06Z","6.7","92%","1019.4 Hpa","0º (N)","0.0","8/8","8/8 ST","N/A","N/A","Tr(24h)","-","6.6","Overcast"
,,,,"19/01/2019","05Z","6.6","93%","1019.3 Hpa","110º (E)","5.4","-","-","-","-","-","-","-","-"
,,,,"19/01/2019","04Z","6.7","95%","1019.6 Hpa","90º (E)","5.4","-","-","-","-","-","-","-","-"
,,,,"19/01/2019","03Z","6.8","95%","1019.9 Hpa","20º (N)","1.8","-","-","-","-","Tr(3h)","-","-","Drizzle or snow grains"
,,,,"19/01/2019","02Z","6.9","93%","1019.7 Hpa","70º (E)","3.6","-","-","-","-","Tr(1h)","-","-","Drizzle or snow grains"
,,,,"19/01/2019","01Z","7.0","92%","1020.1 Hpa","30º (NE)","3.6","-","-","-","-","-","-","-","-"
,,,,"19/01/2019","00Z","7.4","92%","1019.9 Hpa","230º (SW)","1.8","-","-","-","-","Tr(6h)","-","-","-"
,,,,"18/01/2019","23Z","7.7","87%","1020.1 Hpa","220º (SW)","3.6","-","-","-","-","-","-","-","-"
,,,,"18/01/2019","22Z","7.8","87%","1020.2 Hpa","230º (SW)","3.6","-","-","-","-","-","-","-","-"
,,,,"18/01/2019","21Z","8.4","84%","1020.4 Hpa","190º (S)","1.8","-","-","-","-","Tr(3h)","-","-","Drizzle or snow grains"
,,,,"18/01/2019","20Z","8.7","79%","1020.3 Hpa","260º (W)","5.4","-","-","-","-","Tr(1h)","-","-","Drizzle or snow grains"
,,,,"18/01/2019","19Z","9.1","78%","1020.4 Hpa","280º (W)","14.8","-","-","-","-","Tr(1h)","-","-","Rain"
,,,,"18/01/2019","18Z","9.9","67%","1019.9 Hpa","280º (W)","7.6","7/8","-","4/8 AC","CI/CS","-","12.9","-","Cloudy"
,,,,"18/01/2019","17Z","11.1","54%","1019.5 Hpa","280º (W)","9.4","-","-","-","-","-","-","-","-"
,,,,"18/01/2019","16Z","12.7","46%","1019.6 Hpa","280º (W)","13.0","-","-","-","-","-","-","-","-"
,,,,"18/01/2019","15Z","12.6","50%","1019.9 Hpa","260º (W)","9.4","7/8","-","3/8 AC","CI/CS","-","-","-","Cloudy"
,,,,"18/01/2019","14Z","12.2","50%","1020.5 Hpa","270º (W)","5.4","-","-","-","-","-","-","-","-"
,,,,"18/01/2019","13Z","10.3","61%","1021.8 Hpa","310º (NW)","3.6","-","-","-","-","-","-","-","-"
,,,,"18/01/2019","12Z","8.6","69%","1022.5 Hpa","280º (W)","3.6","5/8","-","2/8 AC","CI/CS","-","-","-","Cloudy"
,,,,"18/01/2019","11Z","5.5","85%","1023.5 Hpa","270º (W)","1.8","-","-","-","-","-","-","-","-"
,,,,"18/01/2019","10Z","3.8","91%","1023.7 Hpa","340º (N)","3.6","-","-","-","-","-","-","-","-"
,,,,"18/01/2019","09Z","0.5","97%","1023.3 Hpa","100º (E)","1.8","6/8","-","2/8 AS","CI/CS","-","-","-","Cloudy, fog"
,,,,"18/01/2019","08Z","-0.8","94%","1022.5 Hpa","130º (SE)","3.6","-","-","-","-","-","-","-","-"
,,,,"18/01/2019","07Z","-0.5","95%","1022.6 Hpa","180º (S)","1.8","-","-","-","-","-","-","-","-"
,,,,"18/01/2019","06Z","0.9","93%","1022.1 Hpa","180º (S)","1.8","0/8","-","-","-","-","-","0.9","Clear"
,,,,"18/01/2019","05Z","1.4","95%","1022.2 Hpa","260º (W)","3.6","-","-","-","-","-","-","-","-"
,,,,"18/01/2019","04Z","1.8","93%","1022.2 Hpa","270º (W)","3.6","-","-","-","-","-","-","-","-"
,,,,"18/01/2019","03Z","2.9","87%","1021.9 Hpa","260º (W)","1.8","-","-","-","-","-","-","-","-"
,,,,"18/01/2019","02Z","4.1","86%","1022.0 Hpa","250º (W)","3.6","-","-","-","-","-","-","-","-"
,,,,"18/01/2019","01Z","4.5","86%","1022.2 Hpa","260º (W)","5.4","-","-","-","-","-","-","-","-"
,,,,"18/01/2019","00Z","4.4","89%","1022.1 Hpa","220º (SW)","1.8","-","-","-","-","-","-","-","-"
,,,,"17/01/2019","23Z","5.6","86%","1022.1 Hpa","270º (W)","5.4","-","-","-","-","-","-","-","-"
,,,,"17/01/2019","22Z","6.2","85%","1021.8 Hpa","270º (W)","7.6","-","-","-","-","-","-","-","-"
,,,,"17/01/2019","21Z","6.4","87%","1021.4 Hpa","280º (W )","3.7","-","-","-","-","-","-","-","-"
,,,,"17/01/2019","20Z","6.9","82%","1020.8 Hpa","320º (NW)","1.8","-","-","-","-","-","-","-","-"
,,,,"17/01/2019","19Z","9.2","73%","1020.0 Hpa","250º (W)","3.6","-","-","-","-","-","-","-","-"
,,,,"17/01/2019","18Z","10.5","70%","1019.6 Hpa","50º (NE)","7.6","4/8","2/8 CU","AC","CI","-","14.1","-","Scattered clouds"
,,,,"17/01/2019","17Z","11.9","63%","1019.0 Hpa","20º (N)","7.6","-","-","-","-","-","-","-","-"
,,,,"17/01/2019","16Z","13.1","59%","1018.7 Hpa","30º (NE)","11.2","-","-","-","-","-","-","-","-"
,,,,"17/01/2019","15Z","14.0","56%","1018.4 Hpa","350º (N)","11.2","4/8","2/8 CU","AC","CI/CS","-","-","-","Scattered clouds"
,,,,"17/01/2019","14Z","13.0","62%","1018.6 Hpa","340º (N)","7.6","-","-","-","-","-","-","-","-"
,,,,"17/01/2019","13Z","12.5","67%","1018.9 Hpa","330º (NW)","5.4","-","-","-","-","-","-","-","-"
,,,,"17/01/2019","12Z","11.3","73%","1020.1 Hpa","310º (NW)","7.6","4/8","3/8 CU","AC","CI/CS","-","-","-","Scattered clouds"
,,,,"17/01/2019","11Z","10.1","79%","1020.8 Hpa","320º (NW)","3.6","-","-","-","-","-","-","-","-"
,,,,"17/01/2019","10Z","8.4","90%","1021.1 Hpa","320º (NW)","5.4","-","-","-","-","-","-","-","-"
,,,,"17/01/2019","09Z","7.7","97%","1020.6 Hpa","300º (NW)","3.6","7/8","3/8 SC","AC","CI/CS","-","-","-","Cloudy"
,,,,"17/01/2019","08Z","7.5","97%","1019.9 Hpa","270º (W)","3.6","-","-","-","-","-","-","-","-"
,,,,"17/01/2019","07Z","7.1","97%","1019.5 Hpa","280º (W)","5.4","-","-","-","-","-","-","-","-"
,,,,"17/01/2019","06Z","7.6","95%","1019.0 Hpa","270º (W)","3.6","7/8","4/8 SC","AS","CI","Tr(24h)","-","7.3","Cloudy"
,,,,"17/01/2019","05Z","7.7","95%","1019.0 Hpa","270º (W)","1.8","-","-","-","-","-","-","-","-"
,,,,"17/01/2019","04Z","7.6","95%","1019.1 Hpa","250º (W)","3.6","-","-","-","-","-","-","-","-"
,,,,"17/01/2019","03Z","7.4","95%","1019.4 Hpa","210º (SW)","3.6","-","-","-","-","Tr(3h)","-","-","Rain"
,,,,"17/01/2019","02Z","7.8","92%","1019.5 Hpa","120º (SE)","1.8","-","-","-","-","-","-","-","-"
,,,,"17/01/2019","01Z","7.7","94%","1019.8 Hpa","330º (NW)","3.6","-","-","-","-","-","-","-","-"
,,,,"17/01/2019","00Z","8.2","90%","1019.8 Hpa","280º (W)","1.8","-","-","-","-","-","-","-","-"
,,,,"16/01/2019","23Z","8.4","90%","1019.9 Hpa","220º (SW)","1.8","-","-","-","-","-","-","-","-"
,,,,"16/01/2019","22Z","8.7","89%","1019.8 Hpa","260º (W)","1.8","-","-","-","-","-","-","-","-"
,,,,"16/01/2019","21Z","9.2","86%","1019.6 Hpa","70º (E)","3.6","-","-","-","-","-","-","-","-"
,,,,"16/01/2019","20Z","9.5","84%","1019.4 Hpa","120º (SE)","1.8","-","-","-","-","-","-","-","-"
,,,,"16/01/2019","19Z","9.9","83%","1019.5 Hpa","120º (SE)","3.6","-","-","-","-","-","-","-","-"
,,,,"16/01/2019","18Z","10.3","82%","1019.3 Hpa","70º (E)","5.4","7/8","2/8 ST","AC","CI/CS","-","12.4","-","Cloudy"
,,,,"16/01/2019","17Z","11.6","73%","1019.1 Hpa","30º (NE)","3.6","-","-","-","-","-","-","-","-"
,,,,"16/01/2019","16Z","12.2","70%","1019.0 Hpa","260º (W)","1.8","-","-","-","-","-","-","-","-"
,,,,"16/01/2019","15Z","12.1","71%","1019.0 Hpa","20º (N)","3.6","6/8","1/8 ST","AC","CI/CS","-","-","-","Cloudy"
,,,,"16/01/2019","14Z","11.2","77%","1019.4 Hpa","330º (NW)","3.6","-","-","-","-","-","-","-","-"
,,,,"16/01/2019","13Z","10.7","80%","1020.2 Hpa","340º (N)","5.4","-","-","-","-","-","-","-","-"
,,,,"16/01/2019","12Z","8.6","86%","1021.1 Hpa","360º (N)","3.6","8/8","8/8 SC","N/A","N/A","-","-","-","Overcast, mist"
,,,,"16/01/2019","11Z","7.6","87%","1021.9 Hpa","360º (N)","1.8","-","-","-","-","-","-","-","-"
,,,,"16/01/2019","10Z","6.1","93%","1021.9 Hpa","90º (E)","3.6","-","-","-","-","-","-","-","-"
,,,,"16/01/2019","09Z","4.6","95%","1021.5 Hpa","110º (E)","1.8","6/8","5/8 ST","N/A","N/A","-","-","-","Cloudy, mist"
,,,,"16/01/2019","08Z","4.0","95%","1021.5 Hpa","10º (N)","3.6","-","-","-","-","-","-","-","-"
,,,,"16/01/2019","07Z","3.9","97%","1021.1 Hpa","70º (E)","1.8","-","-","-","-","-","-","-","-"
,,,,"16/01/2019","06Z","3.7","95%","1021.0 Hpa","70º (E)","3.6","8/8","8/8 ST","N/A","N/A","-","-","1.3","Overcast"
,,,,"16/01/2019","05Z","3.5","97%","1021.2 Hpa","70º (E)","1.8","-","-","-","-","-","-","-","-"
,,,,"16/01/2019","04Z","2.9","97%","1021.5 Hpa","0º (N)","0.0","-","-","-","-","-","-","-","-"
,,,,"16/01/2019","03Z","2.2","97%","1021.8 Hpa","290º (W)","1.8","-","-","-","-","-","-","-","-"
,,,,"16/01/2019","02Z","1.4","97%","1021.8 Hpa","280º (W)","3.6","-","-","-","-","-","-","-","-"
,,,,"16/01/2019","01Z","1.9","95%","1022.0 Hpa","220º (SW)","1.8","-","-","-","-","-","-","-","-"
,,,,"16/01/2019","00Z","2.4","93%","1022.3 Hpa","30º (NE)","3.6","-","-","-","-","-","-","-","-"
,,,,"15/01/2019","23Z","3.9","95%","1022.2 Hpa","130º (SE)","1.8","-","-","-","-","-","-","-","-"
,,,,"15/01/2019","22Z","4.3","91%","1021.9 Hpa","0º (N)","0.0","-","-","-","-","-","-","-","-"
,,,,"15/01/2019","21Z","6.5","85%","1021.5 Hpa","260º (W)","3.6","-","-","-","-","-","-","-","-"
,,,,"15/01/2019","20Z","7.1","84%","1021.2 Hpa","230º (SW)","3.6","-","-","-","-","-","-","-","-"
,,,,"15/01/2019","19Z","8.0","80%","1020.9 Hpa","260º (W)","3.6","-","-","-","-","-","-","-","-"
,,,,"15/01/2019","18Z","10.2","72%","1020.3 Hpa","240º (SW)","3.6","-","-","-","-","-","14.9","-","-"
,,,,"15/01/2019","17Z","13.0","59%","1019.7 Hpa","250º (W)","5.4","-","-","-","-","-","-","-","-"
,,,,"15/01/2019","16Z","14.8","52%","1019.4 Hpa","260º (W)","5.4","-","-","-","-","-","-","-","-"
,,,,"15/01/2019","15Z","14.7","52%","1019.4 Hpa","270º (W)","7.6","5/8","-","2/8 AC","CI/CS","-","-","-","Cloudy"
,,,,"15/01/2019","14Z","13.9","56%","1019.7 Hpa","260º (W)","3.6","-","-","-","-","-","-","-","-"
,,,,"15/01/2019","13Z","12.7","57%","1020.6 Hpa","230º (SW)","1.8","-","-","-","-","-","-","-","-"
,,,,"15/01/2019","12Z","9.2","70%","1021.8 Hpa","50º (NE)","3.6","4/8","-","2/8 AC","CI","-","-","-","Scattered clouds"
,,,,"15/01/2019","11Z","5.8","83%","1022.9 Hpa","40º (NE)","1.8","-","-","-","-","-","-","-","-"
,,,,"15/01/2019","10Z","3.3","93%","1023.1 Hpa","60º (NE)","3.6","-","-","-","-","-","-","-","-"
,,,,"15/01/2019","09Z","0.1","97%","1022.9 Hpa","320º (NW)","1.8","6/8","-","3/8 AS","CI/CS","-","-","-","Cloudy"
,,,,"15/01/2019","08Z","-0.2","97%","1022.3 Hpa","30º (NE)","3.6","-","-","-","-","-","-","-","-"
,,,,"15/01/2019","07Z","0.1","97%","1022.1 Hpa","240º (SW)","1.8","-","-","-","-","-","-","-","-"
,,,,"15/01/2019","06Z","0.0","97%","1021.8 Hpa","60º (NE)","1.8","0/8","-","-","-","-","-","-0.1","Clear, mist"
,,,,"15/01/2019","05Z","0.4","95%","1021.7 Hpa","310º (NW)","1.8","-","-","-","-","-","-","-","-"
,,,,"15/01/2019","04Z","0.9","95%","1021.9 Hpa","160º (S)","1.8","-","-","-","-","-","-","-","-"
,,,,"15/01/2019","03Z","1.4","95%","1022.2 Hpa","280º (W)","1.8","-","-","-","-","-","-","-","-"
,,,,"15/01/2019","02Z","2.0","91%","1022.3 Hpa","320º (NW)","1.8","-","-","-","-","-","-","-","-"
,,,,"15/01/2019","01Z","2.6","91%","1022.3 Hpa","90º (E)","3.6","-","-","-","-","-","-","-","-"
,,,,"15/01/2019","00Z","3.1","91%","1022.6 Hpa","100º (E)","3.6","-","-","-","-","-","-","-","-"
